F,qual,CUT,time_heat,time_cool,temp_retort
816.2795525,0.598760444,5,19,1,139
14.21766791,0.941832758,4,6,2,131
1113.047961,0.542135502,5,20,1,140
6.955381061,0.962675631,5,12,5,122
1017.976194,0.56200988,3,19,4,140
67.28969528,0.871396655,4,5,5,139
50.58793417,0.892564737,4,17,4,128
1.353339495,0.982818513,4,7,4,120
31.48907621,0.901071743,2,5,1,137
2.956546215,0.97577282,4,10,5,120
167.557841,0.817216561,3,11,4,136
87.88945231,0.8622286,1,12,3,133
211.6252449,0.784365253,4,17,2,134
16.06512885,0.940367564,4,7,1,130
8.005493508,0.959809003,5,10,3,124
74.37026716,0.878293727,4,9,3,134
15.65638729,0.939118035,5,20,3,122
6.979378672,0.96054444,1,9,5,125
10.91762492,0.952909233,5,8,5,127
18.69116249,0.935377003,1,9,4,129
109.4540208,0.840264564,2,18,3,131
97.6061874,0.862037341,5,9,4,135
6.687503059,0.962454905,2,14,1,121
11.9878177,0.948436333,3,17,5,122
22.11272569,0.931766588,3,12,1,127
97.7362505,0.849201555,1,17,2,131
114.9978161,0.840956188,1,14,2,133
8.648857123,0.956765294,4,16,3,121
492.5142374,0.674928642,2,19,1,137
80.57178822,0.859808856,3,20,1,129
409.5963022,0.695691769,1,20,1,136
55.60203691,0.886007557,5,18,1,128
669.0452497,0.636135614,2,17,3,139
3.330257144,0.97275031,1,9,1,122
11.41197098,0.95104025,5,14,3,123
61.55752576,0.885480279,5,14,2,130
1.383443434,0.981223273,3,6,2,122
1.927807219,0.978674833,1,8,3,121
103.9828226,0.841433944,5,20,3,130
13.98639262,0.942842962,2,19,2,122
25.14783263,0.928606205,4,11,2,128
156.3993237,0.811626547,1,7,5,140
2.855032088,0.970606339,3,5,2,127
1.284143058,0.98147383,5,5,1,123
58.63705576,0.885616416,4,16,4,129
4.779167585,0.968513542,3,9,4,123
34.53253658,0.914306167,4,7,2,133
51.50847187,0.893661702,4,6,5,136
14.77902448,0.944575497,3,11,3,126
222.0466583,0.788047504,3,13,5,136
51.47051078,0.897557686,4,11,5,131
127.4454494,0.824233341,2,20,5,131
22.94412414,0.929675484,4,14,2,126
4.727508959,0.968205615,3,8,5,124
10.77536886,0.948696908,2,7,2,129
17.64802326,0.935418868,2,19,3,123
15.64185655,0.939119091,5,20,3,122
11.2953069,0.951414821,2,11,3,125
11.01030725,0.951063935,4,16,2,122
31.61498579,0.918293667,2,10,3,130
2.001853294,0.978846433,1,9,5,120
121.9089519,0.836573665,5,16,3,132
56.82362674,0.890476669,2,12,5,131
43.61087536,0.904062995,3,8,3,133
451.7084954,0.713457303,4,11,2,140
377.5931227,0.708951791,1,19,5,136
62.89149046,0.881621217,1,9,2,134
142.0763298,0.820079485,1,16,1,133
539.2958508,0.669967605,3,17,4,138
8.155324516,0.959817501,5,10,4,124
69.74338179,0.873331381,1,16,3,130
419.488717,0.716063596,5,14,4,138
18.48070959,0.937314106,5,14,1,125
1.221780695,0.981556775,5,5,3,123
59.24830344,0.885033455,5,16,3,129
7.251379458,0.960123879,1,15,1,121
60.33846041,0.881747788,3,6,5,137
15.90306242,0.940616507,4,7,4,130
53.73054093,0.891738571,5,15,5,129
13.03111131,0.945425383,3,18,1,122
155.0971362,0.820009613,1,11,5,136
22.03476282,0.93044553,1,11,3,128
53.31207054,0.892205543,4,15,2,129
14.77096464,0.940200992,1,20,1,122
9.255876406,0.95440094,2,8,3,127
318.6051346,0.733961004,5,19,1,135
334.6825111,0.746164373,2,11,3,139
265.6937442,0.752714571,3,20,2,134
110.1157869,0.84867844,4,13,4,133
2.253994574,0.976052846,1,7,5,123
129.7301027,0.83336802,1,13,5,134
341.050257,0.741260958,1,10,3,140
40.89466439,0.900982542,1,18,4,127
5.162290697,0.966821029,1,11,3,122
34.2069189,0.914874482,3,8,2,132
7.428087391,0.960073567,2,9,4,125
51.25720109,0.888565694,5,20,4,127
79.50874762,0.866905523,3,6,5,138
2.478535625,0.977887591,5,9,3,120
5.963983823,0.965028454,3,10,1,123
8.138031888,0.955196826,3,6,3,129
6.8545063,0.961804041,4,16,4,120
61.48711092,0.883955638,1,10,3,133
939.9732811,0.579242344,3,18,4,140
53.93626916,0.894838875,3,10,1,132
12.00473109,0.950493185,4,11,1,125
30.33499346,0.917510955,1,9,3,131
803.4915301,0.601769304,3,19,3,139
266.5799999,0.75181953,4,20,2,134
7.491779075,0.959904543,2,15,4,121
109.6431869,0.847624045,2,8,4,137
7.438587247,0.959956347,2,17,4,120
3.573097324,0.973430946,4,11,5,120
168.3011756,0.817144149,3,11,3,136
7.254658437,0.959951345,2,17,3,120
13.09341311,0.945683511,1,16,3,123
191.7652891,0.7984797,2,14,1,135
388.1151347,0.707506832,2,19,2,136
39.35383398,0.906623155,1,9,1,132
109.6761983,0.848641182,4,13,3,133
579.5373798,0.667969592,4,15,4,139
10.62150291,0.951642327,2,16,2,122
96.69738376,0.859257061,4,12,3,133
20.91238209,0.93483521,4,10,4,128
144.0351012,0.818352115,5,18,2,132
15.64493713,0.942459253,3,13,5,125
20.06640918,0.927963877,2,6,5,133
135.8591266,0.828649915,3,15,3,133
796.3616784,0.615196143,3,16,3,140
0.947564966,0.983670176,2,6,1,121
195.8760621,0.802280053,3,12,2,136
879.9581971,0.59559685,4,17,5,140
1.347127155,0.981351245,1,7,4,121
52.56173191,0.894468778,3,13,5,130
64.34669022,0.880060626,2,15,4,130
4.07850123,0.968774989,2,7,3,125
60.56639813,0.880821576,1,17,2,129
20.97953716,0.934833303,4,10,4,128
6.84658319,0.961796088,4,16,3,120
8.750362608,0.957036758,2,11,2,124
25.4456543,0.928170613,5,11,5,128
135.845444,0.835950315,4,11,5,135
181.3084796,0.808201169,2,8,4,139
345.308992,0.733520822,2,15,3,137
192.3160386,0.805355277,4,7,5,140
17.98019439,0.93508437,3,19,3,123
197.6626064,0.798292243,1,11,4,137
3.794135002,0.972539793,4,10,3,121
12.38432213,0.942899716,1,7,4,130
4.798555669,0.968008063,1,12,1,121
143.4850253,0.829199355,5,13,5,134
936.2472989,0.579301523,3,18,5,140
904.7639486,0.58235478,1,18,4,140
10.68000378,0.952901997,3,12,5,124
499.5754131,0.674135346,3,19,3,137
123.6118315,0.838052872,4,14,2,133
208.7168158,0.787425663,1,15,4,135
167.5233364,0.800701551,5,20,4,132
8.98289945,0.956654519,5,14,1,122
11.21726558,0.952213815,5,12,5,124
106.5938682,0.847113663,3,15,1,132
1.099253656,0.980201984,2,5,3,124
3.163640163,0.972541953,1,8,1,123
80.22158841,0.865766945,1,15,2,131
36.82291086,0.91257326,4,12,3,129
295.0899334,0.756478809,1,12,5,138
41.2858943,0.905096213,2,8,3,133
2.258435071,0.978125297,3,8,5,121
27.16230232,0.917239978,1,7,1,133
22.51720252,0.921518342,3,5,5,135
107.6260731,0.848558495,4,6,5,139
89.77093184,0.855916591,5,18,4,130
3.138800644,0.974095695,1,11,1,120
10.69310913,0.953407934,5,9,2,126
353.5645839,0.731711767,3,15,1,137
69.14956648,0.872931466,3,18,2,129
4.726419755,0.9651797,1,7,4,126
15.29746424,0.941209623,5,6,5,131
64.46101143,0.874959645,4,20,2,128
11.96493782,0.948436595,3,17,5,122
29.88590178,0.918883712,1,10,1,130
133.1132475,0.829659521,2,7,2,139
6.758889459,0.962946168,4,12,5,122
14.01862015,0.944678992,4,16,3,123
6.151077912,0.964241167,3,9,1,124
1.225817131,0.982935535,5,6,2,121
1.353162452,0.979829442,3,5,5,124
3.322337176,0.972819195,1,9,3,122
3.877427839,0.972282195,5,10,2,121
18.53300621,0.922770403,2,5,3,135
50.39230263,0.893082409,4,6,1,136
291.1282986,0.7600436,5,13,1,137
2.179337354,0.978582288,2,9,4,120
79.57745121,0.865876436,1,15,4,131
28.72970902,0.920227357,4,16,4,126
6.1442506,0.964603766,4,13,2,121
114.5237004,0.849416143,4,10,4,135
12.74159346,0.942862449,1,7,3,130
9.680339358,0.953929428,5,17,4,121
79.87159069,0.854397258,1,6,4,139
2.20761427,0.977943212,4,7,4,122
129.4839098,0.830540295,1,15,2,133
14.27859842,0.944980113,4,14,4,124
12.2012718,0.946398473,4,20,5,121
51.46069274,0.896071288,2,10,4,132
3.777924672,0.972523088,4,10,2,121
27.76283647,0.923819301,4,8,2,131
12.10958276,0.948650171,2,15,3,123
2.483428589,0.975531691,4,6,2,124
1.402617966,0.981243789,3,6,3,122
123.7696075,0.830669815,1,17,2,132
138.2339504,0.834858417,5,11,4,135
570.9216127,0.668750348,3,15,1,139
23.61345929,0.926987808,1,9,4,130
3.568131934,0.973402978,4,11,2,120
65.93883183,0.884510267,4,11,3,132
79.20279067,0.869406447,1,10,4,134
1.035907579,0.983491702,1,7,1,120
84.44100051,0.864237771,3,15,4,131
9.259179967,0.95486325,1,15,1,122
2.834902348,0.972757319,1,7,1,124
9.1569971,0.955699107,2,10,2,125
14.11817912,0.944384567,5,16,3,123
26.14241254,0.918654162,2,6,5,134
68.2391623,0.881533903,3,10,1,133
10.3857733,0.952939598,5,7,2,128
688.521436,0.637445563,1,15,3,140
36.66840933,0.910806085,3,14,1,128
37.57909409,0.906253527,1,17,5,127
154.1050643,0.82729257,4,9,3,137
25.70599556,0.926932062,3,10,2,129
111.299792,0.850503893,3,10,3,135
3.479594921,0.973592146,3,11,1,120
361.1850346,0.739317753,2,10,4,140
202.5776784,0.799936068,5,12,2,136
11.03742097,0.951092086,4,16,4,122
6.778505375,0.962907661,4,12,2,122
35.56514864,0.913166055,5,7,1,133
10.15475182,0.95439606,5,13,4,123
4.914986913,0.968548958,5,13,4,120
95.66953339,0.854265873,5,16,1,131
31.69146256,0.917534886,2,13,2,128
214.6262931,0.788175925,1,9,1,139
808.0593738,0.599975879,4,19,1,139
18.15664669,0.937786478,4,14,3,125
96.15718314,0.861185891,4,8,1,136
46.38994938,0.898481724,4,16,4,128
455.4051012,0.689324014,2,18,2,137
181.0624912,0.797425934,4,18,3,133
326.9368553,0.74980648,5,12,1,138
7.718084964,0.960172915,4,10,5,124
8.823913577,0.956968859,4,14,2,122
122.0961827,0.839108528,1,11,1,135
109.3261121,0.840299915,2,18,4,131
830.8904739,0.588646836,1,20,2,139
66.01722816,0.882544513,2,10,1,133
1.938773269,0.971820024,1,5,4,127
3.553353355,0.973428595,4,11,4,120
437.9924776,0.700286055,5,17,4,137
73.80952295,0.873385017,2,14,3,131
4.47410922,0.968566216,2,8,3,124
131.8295184,0.821869715,5,20,1,131
8.962106818,0.954973482,1,17,5,121
33.95947109,0.908719662,5,5,4,136
194.1324524,0.788459144,3,19,5,133
1.482820536,0.981136018,1,8,1,120
27.23195311,0.922228703,1,14,5,127
263.6122696,0.752880025,3,20,5,134
168.7810968,0.80652065,5,17,2,133
31.99056629,0.91664864,2,9,4,131
95.83364999,0.856752591,3,14,4,132
6.816257812,0.962247738,3,14,3,121
1103.83077,0.543752297,4,20,2,140
57.89193809,0.881900113,2,19,3,128
49.00773403,0.893562088,2,7,2,135
394.4196826,0.715534854,4,16,1,137
40.46891423,0.904085767,5,17,1,127
22.6108684,0.929308538,4,16,2,125
10.9993246,0.952541411,4,12,4,124
712.9498615,0.621039155,1,18,4,139
12.83622112,0.942640718,1,7,1,130
8.388171484,0.955555277,1,19,1,120
15.11873989,0.941654228,3,17,2,123
180.4427218,0.808112271,2,8,3,139
1.162010784,0.983177858,4,6,2,121
214.6373863,0.795308851,3,11,5,137
59.13099595,0.881184338,3,19,1,128
156.0780461,0.809530011,5,19,4,132
305.511039,0.736970942,2,19,1,135
290.4342762,0.747039967,4,18,2,135
394.5668046,0.733836002,5,10,3,140
15.71672507,0.942841733,3,10,4,127
106.0542242,0.853850787,4,11,3,134
116.1136094,0.848379518,5,10,5,135
16.26926125,0.936377056,5,5,2,133
41.01267459,0.905152683,2,8,4,133
32.20460097,0.915626426,3,15,1,127
117.3814267,0.846062059,3,8,4,137
381.7965284,0.718066344,2,16,1,137
237.0050865,0.776243708,1,14,2,136
22.10726054,0.931931104,3,12,5,127
1090.356259,0.544694588,3,20,1,140
163.9993902,0.810085677,1,15,3,134
5.22622255,0.966908163,2,14,5,120
23.70903379,0.923753724,1,20,4,124
2.923023883,0.972691039,3,6,2,125
1.933405213,0.978503282,2,7,2,122
7.083334704,0.959345303,5,6,5,128
127.7794257,0.835033888,1,10,4,136
7.67266319,0.959640235,3,15,5,121
19.05699138,0.922322218,2,5,1,135
11.29517328,0.948968477,4,19,3,121
104.6016128,0.846203331,5,17,2,131
59.44134216,0.885070438,5,16,5,129
174.9772845,0.810468605,3,13,2,135
9.648945082,0.954293815,3,15,2,122
141.566974,0.832211808,3,10,4,136
20.66996128,0.932612608,4,7,1,131
39.08638946,0.902406797,2,20,5,126
652.16213,0.636839275,5,19,3,138
88.32372839,0.864597352,5,13,4,132
42.37179406,0.903615718,1,12,4,130
492.8590484,0.675458308,2,19,5,137
499.4484086,0.689085809,2,14,5,139
2.364216572,0.977865024,4,8,4,121
352.6520025,0.732292426,3,15,5,137
868.8795023,0.596905542,3,17,3,140
70.86875794,0.871790971,5,18,2,129
671.7441488,0.636257578,2,17,5,139
403.5737902,0.718147094,3,14,1,138
90.53807732,0.863088135,3,8,5,136
59.94083331,0.891081483,5,9,4,133
120.6448545,0.839400169,1,11,2,135
58.14576499,0.881929403,2,19,5,128
118.0375689,0.838181616,3,16,5,132
87.689464,0.867022869,3,10,3,134
195.3490549,0.794405892,5,16,1,134
246.6661113,0.778463896,3,12,1,137
9.408983851,0.954352094,2,8,2,127
32.4899823,0.916954524,3,13,2,128
218.7769981,0.785098503,3,15,5,135
10.34044998,0.951746272,3,18,1,121
4.668234527,0.965132095,1,7,2,126
9.092288821,0.955619924,1,13,1,123
112.6242512,0.838852746,4,18,5,131
20.89741368,0.934073084,5,13,3,126
313.5129588,0.752601904,3,12,1,138
22.31318974,0.930473736,1,11,5,128
754.2359493,0.616770195,4,18,5,139
39.04159694,0.906969478,1,9,5,132
75.32138747,0.872650386,3,14,5,131
496.4999658,0.695937998,2,12,3,140
36.36361577,0.909980207,4,16,4,127
67.01355103,0.880831856,3,13,1,131
134.3308435,0.835963083,4,11,5,135
188.3887317,0.803604406,2,12,2,136
355.8827482,0.74291513,4,11,4,139
46.26407734,0.898307351,4,16,1,128
10.70787002,0.952788745,3,12,1,124
0.776277301,0.985644849,5,5,5,121
86.8387524,0.865253459,4,13,2,132
7.27754928,0.960180987,1,15,3,121
10.07150103,0.949289389,1,7,1,129
417.1081257,0.715999167,5,14,3,138
91.46893121,0.851099279,1,19,1,130
209.5581586,0.790183084,1,13,1,136
97.05650318,0.848673354,5,19,5,130
15.3662978,0.936182872,2,6,3,132
11.01981413,0.948646833,4,6,4,130
77.63131203,0.861263696,1,20,3,129
364.110853,0.72975116,5,15,3,137
25.52070979,0.92651,3,13,4,127
35.89931842,0.911573391,2,14,5,128
26.24979789,0.924261875,1,12,2,128
19.93340857,0.93633795,5,11,2,127
18.50927374,0.935166667,1,9,1,129
3.511966608,0.972495871,2,9,3,122
307.9069074,0.745973528,3,16,2,136
8.379380781,0.957383293,1,11,1,124
5.258770876,0.964763057,1,8,1,125
93.62724485,0.85033419,1,7,3,138
10.7095238,0.952881561,5,8,3,127
20.67051131,0.933780678,3,9,1,129
3.332549585,0.963854914,1,5,5,129
213.0601038,0.783262626,5,17,1,134
16.06818571,0.941205037,4,15,3,124
155.6696375,0.825379899,4,8,2,138
67.23111216,0.883643759,5,11,2,132
37.46862748,0.905741134,5,19,3,126
4.26218471,0.970883308,5,12,5,120
35.81140022,0.910304717,3,16,1,127
37.95950288,0.908692005,1,10,3,131
14.72141356,0.943278547,1,13,2,125
134.2220583,0.830017864,2,7,5,139
36.91478085,0.90936666,5,16,1,127
12.10975815,0.932798321,1,5,2,134
20.48046453,0.934489854,4,13,3,126
130.0393234,0.829012244,3,17,4,132
67.28723208,0.878460659,4,15,1,130
2.069097171,0.976215527,2,6,1,124
11.92701131,0.950612615,4,11,4,125
428.8356682,0.709089223,1,13,2,139
107.6918871,0.852538933,5,11,1,134
82.05362255,0.858690848,5,20,1,129
135.5906802,0.828703602,3,15,4,133
4.805879437,0.968904305,4,10,3,122
158.1580321,0.803779482,1,20,2,132
8.098117367,0.958304164,5,7,1,127
7.564077105,0.961083619,5,11,2,123
24.90856342,0.927454979,2,10,1,129
90.28985216,0.858266759,1,14,1,132
27.72673872,0.923893211,4,8,3,131
9.878142582,0.953682771,1,12,4,124
104.068178,0.841476302,5,20,5,130
780.5887536,0.616626174,2,16,2,140
6.953498219,0.961939853,4,14,1,121
223.6677043,0.775466192,2,18,5,134
121.721225,0.844558601,4,8,3,137
39.60153467,0.90181357,3,20,1,126
7.81879372,0.951871517,3,5,4,131
362.8082216,0.719548004,3,18,5,136
6.429914884,0.963522771,2,12,4,122
276.5616649,0.763966823,1,9,3,140
155.2185365,0.82713233,4,9,2,137
7.944871381,0.959119144,5,15,2,121
7.057142925,0.961773628,5,14,5,121
6.13842388,0.96435571,3,9,5,124
103.5909909,0.854944042,3,11,5,134
83.26945728,0.86779437,2,10,1,134
12.13874544,0.947876203,3,7,1,129
6.26695578,0.964323214,5,13,1,121
204.0072374,0.799923026,5,12,2,136
347.9031004,0.737323116,2,13,4,138
7.525499133,0.959907308,2,15,5,121
11.65520252,0.950956327,3,11,2,125
426.6631198,0.692300165,4,20,1,136
61.36813581,0.876724211,1,20,5,128
22.71129997,0.931445494,4,12,5,127
13.22519113,0.946121991,1,14,5,124
629.1218509,0.651198178,3,16,1,139
53.85767117,0.893545074,4,13,1,130
1082.921147,0.545375176,3,20,5,140
40.24172502,0.909149904,4,11,5,130
48.41314525,0.899111744,2,11,4,131
130.6478305,0.822793845,4,20,5,131
4.280762777,0.968107117,5,6,1,126
67.05368045,0.881119804,3,13,5,131
4.701369381,0.968988231,3,13,4,120
4.990240745,0.967552286,5,7,3,125
19.64823851,0.934255546,2,15,1,125
128.8409277,0.830485646,1,8,2,138
439.6802973,0.71469304,3,11,1,140
43.06446824,0.899904433,3,18,4,127
436.8424419,0.700221544,5,17,3,137
67.68242242,0.883647911,5,11,2,132
247.90613,0.770400538,5,16,2,135
20.93227759,0.934071075,5,13,3,126
9.772679757,0.949297587,1,7,1,129
8.424399137,0.955611921,1,19,4,120
2.495941904,0.975831377,1,8,3,122
291.8143442,0.748513148,1,16,2,136
4.462572765,0.970084955,3,11,1,121
299.3812714,0.750146998,1,14,2,137
25.14480316,0.922308908,5,20,3,124
24.79691753,0.927036679,2,13,4,127
12.44341878,0.948330797,3,15,5,123
411.5923685,0.717296855,4,14,3,138
29.98619775,0.916471632,2,7,4,133
850.9291349,0.598597833,2,17,5,140
29.83496789,0.916614714,1,8,1,132
45.4474957,0.900018405,1,11,5,131
229.0115681,0.785198556,2,8,3,140
3.780937266,0.971819061,1,12,5,120
15.5048193,0.939359151,4,20,2,122
639.8921271,0.638052778,4,19,4,138
48.1021315,0.894209843,1,17,2,128
280.1480117,0.750444634,1,18,4,135
11.79202769,0.947990435,5,6,5,130
13.92768272,0.944701244,4,16,5,123
316.8702825,0.747571097,3,14,5,137
326.6775032,0.744986203,5,14,3,137
8.47084164,0.955599287,1,19,3,120
27.05693083,0.923876076,4,7,1,132
19.12528443,0.935966234,2,10,3,128
10.66596931,0.951917669,2,14,1,123
6.804026919,0.961311906,1,10,4,124
395.9377005,0.716082165,4,16,5,137
9.487968995,0.954801349,2,9,3,126
24.92624632,0.924782997,5,17,3,125
13.33700911,0.947247431,4,8,3,128
1089.857799,0.545303612,3,20,4,140
170.3608629,0.811378784,2,13,1,135
752.8365527,0.616778732,4,18,5,139
1.318448439,0.979811592,3,5,3,124
106.2534987,0.851344905,2,10,1,135
285.9913446,0.761612284,4,13,2,137
50.15714392,0.889494309,3,20,5,127
142.4647833,0.832208873,3,10,4,136
1.377657257,0.982821955,4,7,5,120
35.80878734,0.91045643,3,16,4,127
14.3085308,0.942273721,4,19,2,122
283.9047404,0.766066384,2,10,2,139
302.0627389,0.749800133,1,14,1,137
23.9514802,0.927611536,1,13,5,127
8.494147259,0.954939327,1,8,2,127
1001.055351,0.563480079,2,19,4,140
164.1656681,0.801900588,3,20,1,132
100.2725981,0.860526602,5,8,5,136
23.48674258,0.929310968,5,14,4,126
141.1435895,0.830234314,2,9,3,137
61.52721355,0.886319949,2,11,5,132
60.66164573,0.889866427,5,8,5,134
72.40629327,0.876509662,2,12,2,132
68.67556705,0.87883828,5,6,5,137
100.2138436,0.855973836,2,11,3,134
64.45771,0.878915611,4,17,2,129
18.398618,0.937442756,5,14,5,125
6.92214751,0.962013162,4,14,5,121
358.1801856,0.735175912,3,13,1,138
8.850881315,0.957752528,5,12,4,123
153.8839293,0.827294978,4,9,3,137
11.35885572,0.949438294,1,9,3,127
24.93084742,0.922545103,4,20,1,124
448.2453015,0.71382996,4,11,5,140
182.1085048,0.797414585,4,18,3,133
181.1978592,0.808556225,5,13,5,135
15.74988945,0.94157922,3,15,5,124
205.0354642,0.779538233,2,20,3,133
15.65581758,0.939129317,5,20,4,122
616.6707485,0.656977673,1,14,3,140
20.36632604,0.933553188,4,15,3,125
141.9257301,0.828794947,5,13,1,134
2.199622011,0.974119075,3,5,5,126
2.018473155,0.976286776,2,6,2,124
3.228601168,0.97228576,4,6,2,125
77.05493986,0.874134357,5,12,4,132
63.87602823,0.880267582,4,6,5,137
87.11348481,0.862146497,1,12,2,133
93.16335556,0.85762318,2,14,4,132
3.698472477,0.966767115,3,5,3,128
54.21821346,0.891303921,1,12,3,131
8.804675271,0.956540317,5,16,5,121
189.5630795,0.803824124,2,12,5,136
110.7775365,0.850106859,3,10,1,135
3.69880862,0.971904431,3,8,3,123
2.981919764,0.975770491,4,10,5,120
140.1901102,0.826936709,5,15,3,133
0.905512113,0.985185402,4,6,5,120
1.499750806,0.981065933,2,7,5,121
446.8108254,0.702114483,3,15,4,138
218.2500799,0.776466362,1,18,3,134
567.8365325,0.675334529,2,13,4,140
22.06085239,0.926500998,3,6,1,133
635.6715408,0.650190354,4,16,2,139
24.57446725,0.922887481,3,20,1,124
37.24455806,0.906162356,4,19,4,126
25.53632787,0.922232713,1,18,4,125
172.2700278,0.813394669,2,10,5,137
154.1419671,0.81931263,3,14,2,134
36.80170871,0.912568943,4,12,3,129
558.1000251,0.670997331,2,15,5,139
3.911157382,0.971912726,4,9,4,122
29.35178388,0.916631413,1,8,1,132
713.8708202,0.621037943,1,18,4,139
84.59321139,0.864252459,3,15,5,131
39.07168641,0.902262559,2,20,1,126
4.906494995,0.968613259,5,10,2,122
124.932311,0.843384198,5,7,2,138
155.1253013,0.81940872,3,14,3,134
267.0350678,0.765440261,1,13,1,137
138.8858374,0.820695289,2,18,2,132
0.598200008,0.987267964,5,5,1,120
255.252621,0.772155307,4,14,1,136
1.497687493,0.980889901,4,6,1,122
3.16331911,0.972290057,4,6,2,125
277.11596,0.750450191,1,18,4,135
110.8318199,0.848533715,4,13,2,133
154.5086549,0.810670563,1,7,1,140
25.33528511,0.924913856,5,6,3,133
48.95542147,0.893640363,2,17,3,128
259.0936413,0.761431814,2,17,5,135
129.3206492,0.823368804,3,20,2,131
254.6818705,0.781623221,5,9,2,139
5.444941633,0.965131957,1,9,3,124
167.4499217,0.807404603,4,17,3,133
2.930755464,0.974928901,4,8,4,122
87.63444219,0.857188801,3,18,5,130
65.23645775,0.880067417,2,15,5,130
8.266753895,0.958230601,5,8,1,126
100.2427643,0.855871349,2,11,2,134
13.62264856,0.945528344,1,11,2,126
10.35432023,0.95232382,1,14,2,123
168.4300453,0.811427686,1,9,3,138
482.6977189,0.676251842,1,19,1,137
97.05590538,0.848435361,5,19,1,130
25.32473523,0.925047182,3,7,3,132
51.34630568,0.895184173,2,13,5,130
15.2189538,0.94401235,4,11,1,126
34.98128803,0.916005475,5,10,1,130
301.7408141,0.747314034,2,16,3,136
127.2072005,0.842656842,5,8,1,137
6.912425422,0.956760833,4,5,5,130
319.4954737,0.747505219,3,14,4,137
3.272995074,0.969623514,2,6,4,126
6.186926273,0.9645117,5,10,5,123
236.5145053,0.765257073,1,19,1,134
455.4794386,0.713446278,4,11,2,140
17.01924663,0.940087217,2,12,1,126
36.07254602,0.906993151,2,19,2,126
493.4439655,0.685275465,3,16,1,138
141.4769786,0.82577743,1,12,1,135
27.83391259,0.9239233,4,8,4,131
33.66338831,0.915980105,5,13,5,128
388.8132789,0.726413369,2,12,2,139
70.6552619,0.879370539,3,9,3,134
25.19605985,0.925111262,3,7,5,132
19.69639658,0.933993061,2,8,2,130
390.901406,0.716743277,3,16,1,137
3.62081861,0.971707552,4,7,5,124
4.773712451,0.968707085,4,13,1,120
9.561333258,0.954157279,4,17,3,121
19.86819595,0.933678361,3,7,4,131
623.2918122,0.640600165,2,19,4,138
34.42959837,0.907018201,1,7,4,134
87.0865355,0.865334011,4,13,3,132
26.27634265,0.924532115,5,15,3,126
282.9204781,0.769514098,4,11,3,138
508.5930398,0.671996037,5,19,5,137
1.215416587,0.977919963,1,5,1,125
45.75027415,0.89988884,1,11,2,131
202.376165,0.804800922,5,9,2,138
81.40284501,0.865208029,2,7,3,137
56.7760185,0.88683938,2,16,4,129
31.19197737,0.912953365,3,20,1,125
47.03382206,0.899615943,3,14,5,129
493.9395454,0.685770833,3,16,3,138
10.77190963,0.952878129,3,12,3,124
1.788105911,0.976748546,1,6,5,124
642.2652534,0.649160074,5,16,5,139
74.56415241,0.873093961,1,11,5,133
99.1102478,0.858085073,5,12,1,133
82.8959387,0.867075326,2,13,4,132
30.95848851,0.919997204,3,11,2,129
8.116056169,0.957913449,1,14,5,122
8.478672862,0.955582356,1,19,2,120
2.304158836,0.977678535,5,7,5,122
150.3999111,0.820484494,2,14,3,134
134.8133321,0.835469708,4,11,1,135
7.510798735,0.959908756,2,15,5,121
43.59894998,0.897148908,5,5,5,137
18.81774891,0.935936112,1,13,5,126
259.7636547,0.77152891,5,14,4,136
23.61606631,0.92699023,1,9,4,130
29.05588885,0.919802406,5,16,3,126
489.5325976,0.675376814,2,19,3,137
564.7708641,0.656669067,1,18,1,138
10.15295702,0.954308373,5,13,1,123
290.9224171,0.746791315,4,18,1,135
16.60378901,0.941872623,5,10,4,127
23.88816694,0.925966449,2,17,4,125
3.47286696,0.973593938,3,11,1,120
10.06463137,0.954274942,3,9,2,126
8.371504938,0.957488584,1,11,4,124
8.58650773,0.958043839,4,12,3,123
71.01944219,0.874185304,1,14,2,131
817.5189427,0.61239442,5,16,4,140
6.951418651,0.962011615,4,14,5,121
79.54587845,0.860613918,2,20,4,129
9.360304729,0.956302716,4,11,2,124
2.471778668,0.971199981,2,5,3,127
33.80443229,0.915979638,5,13,5,128
111.4904004,0.839554372,3,18,5,131
816.8038724,0.612310801,5,16,3,140
50.99917956,0.888575117,5,20,4,127
18.02580098,0.93500604,3,19,1,123
107.8145527,0.8492407,3,13,1,133
3.392852892,0.971935622,5,6,3,125
8.994379192,0.956699793,5,14,2,122
461.2527327,0.688290199,3,18,5,137
7.469293015,0.960550678,2,13,5,122
11.36876181,0.948718995,5,19,2,121
54.40821312,0.887186658,3,18,3,128
113.5624274,0.846093322,3,7,1,138
3.046878875,0.975210763,4,9,5,121
45.43957926,0.898950955,3,16,2,128
11.18691391,0.949223738,3,19,4,121
23.26414833,0.929832597,2,11,5,128
395.6220386,0.720151395,2,14,3,138
295.1775105,0.746236915,5,18,4,135
0.967559218,0.984939129,5,6,2,120
12.88978321,0.948375963,5,13,2,124
2.963995086,0.97538722,3,9,1,121
28.14121473,0.921247526,1,11,1,129
44.28816956,0.905254634,5,10,1,131
4.969569473,0.96856454,5,10,1,122
182.0264076,0.798718946,1,16,3,134
409.7124046,0.717388673,4,14,4,138
14.29234282,0.942295772,4,19,3,122
181.0023716,0.798635293,1,16,2,134
53.2441983,0.893787098,4,13,4,130
28.40335285,0.923120002,3,12,5,128
102.9258657,0.849275585,1,8,4,137
36.56719458,0.913321686,5,8,4,132
108.5679871,0.849530583,3,13,3,133
153.0581504,0.826784525,4,9,1,137
11.66237647,0.948657205,2,17,1,122
643.995149,0.636949894,5,19,5,138
49.20405556,0.895973535,1,13,5,130
115.6760391,0.846825457,5,6,5,139
130.5870333,0.836887218,3,11,2,135
38.09934539,0.908746519,1,10,5,131
400.5729126,0.724731008,3,12,2,139
42.70896625,0.905220023,5,13,5,129
116.5485859,0.845469513,3,8,1,137
53.43150071,0.893806056,4,13,5,130
2.859931208,0.975198574,3,8,3,122
14.90903084,0.942349348,1,15,4,124
9.743802255,0.954310109,3,15,3,122
4.333828301,0.959023835,1,5,3,130
9.258582276,0.954863261,1,15,1,122
104.1240775,0.841242668,5,20,1,130
126.5368329,0.843304004,5,8,5,137
52.78140395,0.885407893,4,5,2,138
11.87543188,0.950615793,4,11,4,125
31.0322883,0.913082591,3,20,5,125
3.800681724,0.972555261,4,10,5,121
100.3102946,0.848202943,2,17,1,131
59.34699071,0.88485936,5,16,1,129
8.178887287,0.958696501,2,12,3,123
87.09268898,0.862558376,5,15,1,131
65.22317364,0.878437255,5,17,4,129
21.91760596,0.930581439,2,14,2,126
819.4389758,0.599334298,5,19,4,139
427.9393144,0.709353895,1,13,4,139
219.5500811,0.793917636,4,11,4,137
1.14893728,0.983211232,4,6,5,121
61.18002037,0.881455766,3,6,2,137
45.85314858,0.895188002,2,19,4,127
2.775861112,0.975731969,2,9,4,121
661.4961243,0.651994882,4,14,4,140
111.8153527,0.848895259,2,9,5,136
1.770213195,0.978746704,3,6,3,123
111.5094512,0.850386089,3,10,2,135
208.1987864,0.78530953,3,17,2,134
655.9111545,0.637767635,1,17,4,139
147.2316611,0.812711968,1,19,3,132
1.602376827,0.9791132,2,6,5,123
57.98850292,0.887597692,2,14,5,130
61.20350811,0.889668303,5,8,2,134
371.6811633,0.719934449,1,16,3,137
107.2091104,0.851834974,2,10,5,135
21.45416172,0.926894565,3,6,4,133
8.185514754,0.950963241,1,6,5,130
33.2580398,0.890415421,1,5,1,138
5.98913762,0.964874753,3,13,3,121
46.76614943,0.903232992,5,9,2,132
294.4717339,0.764574774,3,10,4,139
21.64382845,0.933280684,4,9,2,129
21.84212067,0.927444597,1,19,4,124
4.743457216,0.962428195,3,5,5,129
29.10373152,0.921120762,3,14,4,127
141.227372,0.825781714,1,12,1,135
832.1820049,0.588855735,1,20,4,139
71.33565593,0.878085006,3,8,2,135
5.004761049,0.968640254,5,10,4,122
11.67101545,0.951007717,3,11,4,125
6.150825442,0.963846445,1,12,4,122
25.40027961,0.925411154,3,15,5,126
28.95106518,0.917209309,3,19,4,125
2.399231928,0.978088463,4,9,2,120
14.28972858,0.945013212,2,11,2,126
58.09455076,0.881929275,2,19,5,128
17.81119801,0.938178967,3,14,3,125
1.430880589,0.982607187,5,7,5,120
13.40924095,0.945338208,2,16,4,123
87.94870486,0.864481518,5,13,2,132
76.19883101,0.865331358,5,19,3,129
0.681330657,0.984597087,2,5,4,122
3.33154797,0.973900063,2,11,5,120
28.73873229,0.923979791,5,9,2,130
254.1100106,0.781058636,4,8,2,140
188.8791988,0.808109993,3,9,5,138
34.6356414,0.891156945,1,5,4,138
7.08799245,0.94752699,1,5,3,132
62.22042556,0.873218715,3,5,4,139
3.429380583,0.971901325,5,6,2,125
251.1635048,0.77361742,3,14,2,136
9.538194756,0.954140224,4,17,2,121
15.45354636,0.939317568,4,20,1,122
257.0424534,0.776495644,5,12,5,137
29.25923419,0.916627554,1,8,1,132
594.0562964,0.671193743,4,13,1,140
68.62013515,0.881532795,3,10,1,133
39.31915169,0.90501681,3,17,1,127
25.55959735,0.922181619,1,18,2,125
97.76253968,0.849263343,1,17,3,131
14.22581912,0.944392618,5,16,4,123
423.7196168,0.693726519,3,20,3,136
9.005365264,0.954662242,5,19,2,120
62.69295286,0.873106357,3,5,3,139
206.0275614,0.796664014,2,11,3,137
414.8746269,0.721710211,5,12,2,139
74.25999426,0.871258536,4,16,5,130
29.11961919,0.922568827,4,12,5,128
81.0674148,0.859407065,4,20,3,129
15.07118301,0.943215189,2,10,1,127
40.03284342,0.907859461,2,10,5,131
164.9162128,0.807985861,3,17,1,133
220.6710414,0.790912676,2,10,3,138
14.92834215,0.942357769,1,15,5,124
44.54258942,0.902841644,2,12,5,130
31.64645569,0.917582965,2,13,3,128
43.35461602,0.900188904,1,16,3,128
6.863330633,0.961270291,1,10,2,124
20.00104694,0.936240933,5,11,1,127
5.942424923,0.963735551,4,7,5,126
2.133886834,0.978390378,2,8,4,121
45.52173599,0.902327733,5,7,2,134
428.5312038,0.709348565,1,13,4,139
22.49468106,0.929342084,4,16,3,125
43.04836645,0.904142084,3,8,5,133
31.72303473,0.9150923,5,17,3,126
539.3277268,0.65929159,4,20,4,137
60.18826765,0.886210233,4,14,4,130
1.585616212,0.980702852,5,6,5,122
131.5640369,0.836592179,3,11,1,135
429.7731107,0.701362565,4,17,3,137
102.026794,0.842705588,3,20,5,130
17.81410074,0.939328016,4,12,5,126
97.34439162,0.861576416,5,9,1,135
402.483393,0.70427383,5,19,2,136
401.1751878,0.725040006,3,12,5,139
43.36792214,0.900141489,1,16,2,128
175.9613773,0.799263725,2,18,5,133
121.9143387,0.83076275,4,19,4,131
40.35703839,0.905482055,2,15,2,128
388.7205428,0.72658985,2,12,3,139
31.60726399,0.918293682,2,10,3,130
6.69097599,0.962527659,2,14,5,121
13.17881728,0.942705022,3,6,3,131
16.90810421,0.940362876,4,8,3,129
33.24924093,0.914776872,5,15,2,127
18.97484316,0.93211751,2,20,2,123
186.7501139,0.797663692,2,16,4,134
11.25047021,0.950454857,1,10,5,126
16.42393823,0.941408856,3,9,1,128
12.33661836,0.946164162,5,20,5,121
232.4568294,0.784968833,2,8,2,140
13.80484458,0.945006143,3,16,5,123
40.89618446,0.904495738,5,6,4,135
16.12018427,0.940574978,4,7,3,130
366.2181761,0.719486326,3,18,4,136
129.7331881,0.823215823,3,20,1,131
10.37238356,0.953275894,2,12,4,124
4.836476379,0.96891869,4,10,5,122
18.65081362,0.932416497,1,20,1,123
22.57132488,0.919841194,1,6,3,134
64.91839315,0.878442195,5,17,4,129
39.99286951,0.901504386,4,20,3,126
17.07753846,0.940305109,4,8,2,129
8.872946791,0.956920481,4,14,1,122
383.1080575,0.718522647,2,16,3,137
52.25164763,0.896550821,5,11,1,131
7.8632461,0.96014553,4,10,3,124
11.24719918,0.952189377,5,12,3,124
20.46023682,0.914498925,1,5,5,136
186.0556804,0.790328475,1,19,4,133
7.316823473,0.956035233,5,5,3,130
1.078785063,0.983460308,3,6,4,121
117.9878378,0.838128918,3,16,3,132
9.546970614,0.954590483,2,15,2,122
52.54701338,0.893823065,2,9,2,133
272.388403,0.770851486,3,11,2,138
124.0224212,0.844991832,5,9,4,136
18.40379752,0.93445803,5,19,2,123
5.297006778,0.964375535,4,6,1,127
528.7724397,0.684486803,5,14,3,139
9.975324898,0.945597369,3,5,5,132
26.70413806,0.925342523,3,9,2,130
1.520212575,0.97744926,2,5,1,125
300.2031522,0.750387688,1,14,5,137
316.1006715,0.74399395,5,16,5,136
205.5146704,0.779261926,2,20,1,133
4.446585824,0.968540519,2,8,2,124
164.4252219,0.802078636,3,20,2,132
502.5467563,0.684452406,4,16,3,138
344.5695734,0.730366976,5,17,2,136
129.7390091,0.83334601,1,13,4,134
8.370311012,0.957296442,2,16,5,121
52.26824465,0.888364132,1,18,3,128
19.96220183,0.933425025,5,17,5,124
45.88787795,0.899956808,1,11,3,131
531.1561997,0.690859787,5,12,3,140
169.7074048,0.809029039,2,15,5,134
348.0107412,0.736693573,2,13,1,138
21.35338934,0.934002963,3,9,5,129
1.599850327,0.979094185,2,6,3,123
27.27672776,0.92215105,1,14,2,127
953.8364076,0.577602533,4,18,2,140
37.16854689,0.913313676,5,8,4,132
202.7124148,0.795668294,5,14,4,135
19.91865917,0.934443114,2,9,1,129
8.205382005,0.959226334,4,9,3,125
440.0199958,0.703591591,2,15,5,138
11.22931503,0.951444288,2,11,5,125
328.2902438,0.744504971,5,14,1,137
4.816052499,0.968739104,4,13,2,120
357.5387166,0.739329548,2,10,4,140
62.46090666,0.880223765,2,17,5,129
11.38404713,0.949039833,1,17,3,122
587.0638968,0.665949668,5,15,1,139
12.43619994,0.932987611,1,5,5,134
5.823312378,0.965151978,2,13,4,121
120.5505429,0.837321132,4,16,3,132
133.3440824,0.829662467,2,7,2,139
3.527960934,0.973045295,2,10,2,121
287.4939956,0.74822601,3,18,5,135
179.876629,0.809743484,2,9,4,138
1.600195231,0.980684288,5,6,3,122
13.91726157,0.942800062,2,19,1,122
142.0612665,0.832008638,3,10,2,136
139.9187358,0.826935318,5,15,3,133
93.20011112,0.85762825,2,14,4,132
135.0929766,0.833052063,2,10,1,136
7.59099946,0.960517108,3,10,4,124
43.92807965,0.898997489,5,18,5,127
109.1717233,0.840271689,2,18,3,131
210.0174915,0.777816158,4,20,3,133
18.02275548,0.935100372,3,19,5,123
4.063027354,0.968997461,1,8,4,124
506.4687771,0.682728113,5,16,1,138
132.4488112,0.822081004,5,20,3,131
9.066960932,0.955701045,1,13,3,123
107.8022405,0.849246524,3,13,1,133
11.19529197,0.950422801,1,10,3,126
304.2035243,0.762183611,4,10,1,139
221.9871381,0.784009148,4,15,4,135
26.63509693,0.925397406,5,13,1,127
199.851036,0.803128917,5,7,2,140
2.463554778,0.977628093,5,8,5,121
5.643324347,0.966192379,3,11,3,122
14.10384149,0.945334229,3,14,5,124
4.486847028,0.968823486,2,9,2,123
294.708859,0.756201206,1,12,2,138
152.1952083,0.811049928,3,19,5,132
605.6719124,0.64195734,1,19,3,138
513.2969595,0.686778201,3,14,1,139
6.83965509,0.959865622,4,6,4,128
4.027039843,0.968958478,1,8,2,124
103.4424919,0.846946545,4,17,3,131
166.3121722,0.801417358,4,20,4,132
669.9059436,0.65023308,5,14,2,140
155.0089173,0.819450115,3,14,4,134
69.93955707,0.868384226,2,6,2,138
195.4890838,0.802415319,3,12,3,136
53.21062495,0.892083779,4,15,1,129
18.90404328,0.937342538,3,11,3,127
40.12059124,0.909132089,4,11,4,130
688.3054354,0.62320255,4,20,3,138
68.09945175,0.873428075,2,18,1,129
14.40537042,0.942293731,1,17,1,123
26.7595091,0.921573783,1,16,2,126
6.099658614,0.964638533,4,13,5,121
316.9058008,0.747448476,3,14,3,137
215.4344369,0.788168722,1,9,1,139
39.9754251,0.904535392,4,17,1,127
87.25777491,0.862302277,1,12,5,133
456.5254189,0.700762798,4,15,4,138
2.845110746,0.975001317,4,7,3,123
19.64607928,0.933424779,5,6,2,132
19.16965208,0.934079999,3,17,3,124
34.24661514,0.914449331,4,7,4,133
2.476304346,0.975589033,2,7,1,123
1070.757994,0.546118037,2,20,1,140
124.967509,0.824929282,1,20,2,131
197.9453344,0.786481458,5,19,1,133
19.72889298,0.931133296,5,20,1,123
6.472468163,0.956502194,4,5,1,130
132.0596458,0.821865593,5,20,1,131
648.2127106,0.636928804,5,19,5,138
1.920441474,0.97842503,4,6,3,123
647.842763,0.636358583,5,19,1,138
262.8384308,0.772436009,2,11,2,138
409.871342,0.723436978,4,12,4,139
80.36522776,0.865950073,1,8,4,136
4.642449807,0.969596565,5,11,1,121
359.11819,0.720495948,2,18,2,136
67.41108807,0.87134441,4,5,4,139
287.2418771,0.74779301,3,18,1,135
21.58137876,0.929663535,5,18,2,124
441.1571864,0.715389037,3,11,3,140
81.62173974,0.859399703,4,20,3,129
8.611838198,0.956765313,4,16,3,121
7.070407428,0.960213904,1,17,4,120
17.53805794,0.937718547,3,16,1,124
159.3504713,0.82463135,5,7,5,139
46.10533686,0.899717396,1,11,1,131
57.64940588,0.862050888,1,5,5,140
15.36620187,0.941840009,2,15,1,124
471.0049876,0.69717579,1,12,1,140
164.3578961,0.802181537,3,20,4,132
307.1613182,0.745693106,3,16,1,136
33.93512623,0.908764198,5,5,5,136
47.4267292,0.90225916,5,8,5,133
102.8709864,0.850364938,1,9,4,136
373.7919314,0.728194793,1,12,2,139
576.7707645,0.655582857,2,18,2,138
157.7333368,0.809919556,1,17,1,133
167.0045759,0.817018616,3,11,2,136
7.818972891,0.958982031,1,12,1,123
287.7568554,0.747787579,3,18,1,135
86.59841098,0.855226983,4,5,3,140
111.9879894,0.839949231,1,16,4,132
6.835795391,0.962246751,3,14,3,121
445.0573519,0.707612166,2,13,4,139
19.52056987,0.933555688,5,6,4,132
87.88890041,0.867025441,3,10,3,134
19.18076434,0.933554527,5,6,4,132
1.233280622,0.98293451,5,6,2,121
19.14092517,0.934055019,3,17,2,124
44.2427753,0.902826703,2,12,4,130
189.7427018,0.789375399,2,19,5,133
610.5476742,0.656831127,1,14,2,140
17.10429366,0.938183277,2,16,3,124
0.530787356,0.987487397,4,5,1,120
55.80657352,0.886005456,5,18,1,128
16.93968497,0.939077816,1,14,5,125
72.36755623,0.879929657,5,10,2,133
29.85301257,0.920027909,5,14,1,127
132.0878352,0.830027659,1,8,1,138
113.8078255,0.849465489,4,10,5,135
4.514929,0.969878091,4,11,2,121
104.9917511,0.850516966,2,13,3,133
69.20568933,0.872811098,3,18,1,129
1.628821788,0.980786886,3,7,4,121
69.01745295,0.872983495,3,18,3,129
20.2163123,0.914462726,1,5,4,136
54.14520288,0.883075192,2,6,2,137
587.9002054,0.66664652,5,15,5,139
7.285438752,0.960180957,1,15,3,121
5.442913865,0.96702492,5,12,4,121
133.5699511,0.82930558,2,15,1,133
49.07254216,0.893658202,2,17,4,128
24.69277949,0.927686665,2,10,5,129
10.72371799,0.952901563,3,12,5,124
33.52978816,0.908504946,5,5,2,136
5.198455238,0.966897153,2,14,3,120
28.9485133,0.921123688,3,14,4,127
8.563315033,0.957026077,3,16,5,121
685.0964728,0.63754545,1,15,4,140
14.16784308,0.943955112,1,10,4,127
75.8196797,0.876954314,5,9,1,134
53.28601605,0.887776611,2,18,4,128
94.82545326,0.850150554,1,7,2,138
26.48181883,0.926309939,4,10,2,129
197.2546882,0.786770508,5,19,3,133
0.534982074,0.987537247,4,5,3,120
5.23678259,0.967445063,3,12,1,121
26.68661689,0.925489262,5,13,2,127
5.90623418,0.96051975,1,7,2,127
6.820556852,0.962926038,4,12,3,122
139.9958738,0.827005731,5,15,5,133
211.7199348,0.776954386,5,20,2,133
11.07365659,0.952546311,4,12,5,124
5.47248351,0.953374851,1,5,1,131
3.445120071,0.97362999,3,11,2,120
20.48303536,0.933188729,5,15,3,125
70.45564365,0.871892069,5,18,5,129
21.59031716,0.929601322,5,18,1,124
363.5625228,0.741321245,5,11,3,139
704.2116142,0.631988984,5,17,3,139
5.539739584,0.964118655,3,7,2,126
1.781489775,0.978665911,3,6,1,123
891.2663905,0.594185758,5,17,4,140
1111.020986,0.542137626,5,20,1,140
78.68768595,0.866603575,3,6,2,138
34.59533035,0.908711286,5,5,4,136
1.250882553,0.9815308,2,6,2,122
274.0903513,0.770830428,3,11,2,138
6.09741264,0.96424285,3,9,1,124
0.39654941,0.988018463,2,5,4,120
83.37575189,0.869928578,4,11,2,133
1.642253719,0.979089695,2,6,3,123
284.9701278,0.757667177,5,15,5,136
177.3262609,0.806086229,5,15,4,134
5.856925427,0.965156332,2,13,5,121
80.35146759,0.871031014,3,11,5,133
48.25687288,0.898456503,5,14,5,129
182.5948294,0.807248564,3,7,4,140
5.169729964,0.967517562,3,12,4,121
20.32070999,0.928261831,5,5,3,134
74.67416095,0.875623365,3,12,2,132
9.99190183,0.953784039,5,15,5,122
28.03027125,0.917400095,3,6,3,134
516.554236,0.672606789,1,17,2,138
0.528117403,0.986384998,2,5,2,121
0.569949452,0.987271411,5,5,1,120
5.217761955,0.958226528,2,5,4,130
9.460040216,0.954252777,2,8,1,127
21.3314987,0.931118223,1,14,3,126
88.60922653,0.856438517,4,18,2,130
374.0135163,0.737455519,3,10,5,140
27.0557527,0.923874646,4,7,1,132
4.532179654,0.968846876,2,9,3,123
2.518506347,0.973505509,4,5,1,126
56.79368306,0.882542298,1,19,5,128
121.0172182,0.839510925,1,11,3,135
861.1428371,0.586091083,3,20,5,139
5.78634483,0.964744283,2,9,5,124
30.38428085,0.91825558,1,13,5,128
15.4152614,0.936246398,2,6,5,132
31.49542692,0.916301845,2,15,4,127
59.05314375,0.890867358,4,8,5,134
373.7258219,0.72845592,1,12,4,139
569.0816636,0.66941759,3,15,4,139
94.47130432,0.857072074,1,11,2,134
18.0121924,0.938912221,5,12,5,126
104.244581,0.854940376,3,11,5,134
53.7065369,0.892145527,5,6,2,136
53.37777211,0.875135737,2,5,3,139
5.229297595,0.966878255,2,14,2,120
8.042081618,0.957394392,3,18,2,120
132.6708898,0.829516838,2,15,2,133
6.386200864,0.962498396,1,16,2,120
796.4632269,0.615328749,3,16,5,140
403.8767213,0.704479225,5,19,5,136
81.39799576,0.870641179,3,11,1,133
3.187542368,0.97496577,5,9,5,121
53.51836728,0.893592806,2,9,1,133
328.1661632,0.725600112,2,20,3,135
237.3720672,0.7763613,1,14,3,136
18.12776412,0.934800004,4,19,5,123
47.47983902,0.894111827,1,17,1,128
300.6946409,0.746910831,2,16,1,136
6.152108735,0.964603509,4,13,2,121
0.883074588,0.983925285,4,5,1,122
66.47164252,0.879368542,3,15,5,130
129.1341309,0.835026306,1,10,4,136
71.49994948,0.876664762,2,12,5,132
141.7905021,0.832143482,3,10,3,136
116.9192422,0.84387167,2,12,2,134
41.10145372,0.904957758,3,15,3,128
130.2133144,0.831836039,3,6,3,140
245.008655,0.77154434,4,16,4,135
12.27696513,0.947896658,5,17,5,122
3.954832516,0.971532915,2,12,2,120
14.35990911,0.944305453,5,16,1,123
24.65415855,0.928500532,4,11,1,128
7.049019598,0.960217388,1,17,5,120
357.657995,0.730798567,4,15,2,137
24.84824701,0.912305066,2,5,1,136
430.8782701,0.701419316,4,17,4,137
36.22904539,0.911241049,1,11,2,130
2.457907586,0.977888781,5,9,3,120
444.1905746,0.690369872,1,18,1,137
214.6587483,0.785779088,2,15,1,135
50.11920381,0.889425121,3,20,2,127
11.64390918,0.947175949,1,20,3,121
178.7644216,0.809373929,4,13,2,135
22.45465248,0.93274533,5,9,3,129
8.119013701,0.957912588,1,14,5,122
10.13139965,0.954382142,5,13,3,123
21.50402463,0.932427349,2,12,3,127
59.82279613,0.880836052,4,19,4,128
67.70621591,0.878453321,4,15,1,130
35.88759912,0.911573019,2,14,5,128
44.76779546,0.895750809,1,19,5,127
99.95930972,0.848426926,2,17,3,131
107.5726603,0.848573489,4,6,5,139
7.724336911,0.957914192,1,18,5,120
136.3867937,0.828560067,3,15,2,133
18.15289775,0.937804787,4,14,4,125
221.7943505,0.792651787,5,11,4,137
29.91496248,0.920708017,2,11,3,129
55.14795081,0.887327318,1,16,1,129
831.4953257,0.588796267,1,20,3,139
785.1759916,0.603043585,2,19,2,139
52.07503752,0.896826509,5,11,4,131
163.7067864,0.823430793,5,8,1,138
7.262822685,0.95972975,2,8,4,126
60.11752181,0.880356615,5,19,5,128
45.91858991,0.902486224,5,7,4,134
14.70851853,0.943336332,1,13,5,125
16.26948815,0.938707713,2,18,3,123
24.95675293,0.925844384,2,15,3,126
46.06776213,0.898416197,4,16,2,128
529.3759621,0.67078414,2,17,1,138
117.2288538,0.844019682,2,12,4,134
599.801034,0.654314062,1,16,1,139
604.5129331,0.670409036,5,13,4,140
321.7729785,0.735219465,1,17,5,136
13.73819757,0.945440005,1,11,1,126
182.1137444,0.805126502,1,12,3,136
358.833394,0.735834877,3,13,5,138
392.4679688,0.706085993,3,19,1,136
9.301619463,0.954435963,2,8,5,127
12.1809473,0.932990164,1,5,5,134
878.3451689,0.583595625,5,20,4,139
36.2003574,0.907052728,2,19,5,126
254.0988643,0.76218164,1,17,1,135
84.36402431,0.863979398,3,15,1,131
52.56823907,0.885600953,4,5,3,138
16.29130722,0.940741482,1,12,4,126
95.66834796,0.854422557,5,16,2,131
373.0120196,0.733055919,5,13,4,138
2.945244116,0.974619373,5,7,1,123
7.295881328,0.947523236,1,5,3,132
75.20425683,0.870532807,5,16,2,130
237.3429783,0.773282162,2,16,1,135
120.9855235,0.836505932,5,16,2,132
28.71172263,0.917467942,3,6,5,134
39.10080551,0.902262185,2,20,1,126
56.00039875,0.891492453,3,8,1,134
38.34493885,0.907662913,1,13,2,129
206.1813898,0.802178751,5,8,1,139
7.834803359,0.959952629,4,13,3,122
21.39173474,0.934310314,5,10,4,128
14.72987749,0.943304264,1,13,3,125
32.53718479,0.912074445,1,18,1,126
427.6445089,0.692682992,4,20,3,136
582.4902335,0.667945938,4,15,4,139
30.70334393,0.920086295,3,11,4,129
26.25229355,0.924310476,1,12,3,128
79.09367948,0.865163891,2,17,3,130
49.91413929,0.895011106,1,9,3,133
12.22858386,0.946396594,4,20,5,121
27.89793639,0.923404549,5,7,5,132
55.38310996,0.883073661,2,6,2,137
5.333841511,0.96574047,1,10,1,123
113.2752834,0.839638611,1,16,1,132
18.91904288,0.934811436,1,15,3,125
8.346979096,0.956985807,5,18,5,120
0.883167902,0.983925409,4,5,1,122
5.666655058,0.964377992,2,8,2,125
162.0217351,0.818549273,2,11,4,136
455.6780189,0.68952433,2,18,4,137
22.12890207,0.919904675,1,6,4,134
48.72015473,0.884958873,1,6,3,137
89.32812406,0.863644918,5,6,4,138
36.54833652,0.906665291,3,6,2,135
405.0066754,0.719237057,1,11,3,140
1.272073929,0.9815601,2,6,4,122
124.7718399,0.843284694,5,8,4,137
424.0000994,0.721952672,5,12,4,139
98.08711601,0.860438337,5,8,3,136
113.1059626,0.839899211,1,16,3,132
92.28643859,0.851990257,2,6,2,139
116.1492778,0.847479836,3,9,4,136
35.37388969,0.907536635,1,19,4,126
8.117845887,0.959256699,4,9,5,125
142.6008131,0.82035896,1,16,3,133
149.0838066,0.829241616,5,10,1,136
6.672808487,0.962458229,2,14,1,121
52.42465562,0.888311867,1,18,2,128
43.49808595,0.899435937,4,18,4,127
19.06252339,0.934707441,1,15,1,125
662.7385393,0.651717414,4,14,2,140
54.81997573,0.887331199,1,16,1,129
43.98496312,0.905255057,5,10,1,131
14.15198948,0.942068294,2,7,4,130
1.042700498,0.981864081,1,6,2,122
30.62962286,0.913467306,2,20,3,125
107.0060396,0.847366865,3,15,3,132
7.534319797,0.961121687,5,11,4,123
14.04185904,0.943966821,1,10,5,127
533.3790414,0.684319857,5,14,2,139
27.25906412,0.920575967,5,18,2,125
805.3456016,0.613714948,4,16,3,140
101.9239391,0.842665254,3,20,3,130
5.769648281,0.965911952,4,11,3,122
254.0918651,0.77264872,4,14,4,136
33.07371596,0.91172856,2,18,5,126
6.086234978,0.964769489,4,10,2,123
16.14755753,0.942062183,4,13,5,125
155.7908796,0.819901318,1,11,3,136
0.326197985,0.988277543,1,5,4,120
88.7912634,0.857511467,1,16,3,131
25.21699112,0.924775385,5,17,3,125
767.5176037,0.604786662,1,19,5,139
1.967177167,0.978344331,4,6,1,123
143.6481238,0.820061755,1,16,1,133
323.2453701,0.746042835,4,14,2,137
31.36501233,0.918328015,2,10,4,130
613.8730347,0.652733344,2,16,1,139
41.98465578,0.895909092,2,6,1,136
816.6781156,0.612393442,5,16,4,140
682.211239,0.634660501,3,17,3,139
48.44788941,0.890510627,1,20,3,127
56.02467225,0.892569023,3,9,1,133
24.67980481,0.925118937,4,17,2,125
105.4453188,0.851845665,2,10,5,135
310.0663889,0.748896472,2,14,4,137
14.54403899,0.944543335,5,14,1,124
176.2563274,0.814808599,5,11,4,136
4.603955291,0.969201739,2,13,2,120
1.936266092,0.976687102,4,5,2,125
5.897918252,0.964587508,2,15,5,120
880.6889581,0.595593781,4,17,5,140
101.6914202,0.85163184,1,13,5,133
12.29550628,0.94616357,5,20,5,121
4.666526014,0.969119418,3,10,1,122
597.496665,0.670489456,5,13,5,140
25.92553534,0.926921991,3,10,2,129
13.24217064,0.947125009,2,12,3,125
13.67422824,0.945558715,1,11,3,126
198.7329159,0.801213428,4,12,3,136
82.63019868,0.863237068,5,17,4,130
19.90949413,0.933843724,3,15,1,125
8.144036618,0.959246004,4,9,4,125
274.7708121,0.763958655,1,9,3,140
94.29879946,0.855175952,4,16,3,131
9.626284032,0.955992398,5,11,3,124
139.8041449,0.829969824,4,13,2,134
9.198811008,0.940650194,1,5,3,133
119.6981951,0.831470528,3,19,4,131
0.884252707,0.982544013,2,5,4,123
32.84583156,0.916601746,2,9,3,131
954.3877612,0.577833288,4,18,4,140
27.89709156,0.917946394,1,19,1,125
102.0847464,0.849218746,1,15,5,132
9.129005544,0.955696945,1,13,3,123
10.57721508,0.951662387,2,16,3,122
3.342757474,0.973884296,2,11,3,120
310.3387354,0.735898915,3,19,1,135
23.63274628,0.92930718,5,14,4,126
2.802867774,0.97061111,3,5,2,127
357.3546231,0.720622948,2,18,3,136
3.024579915,0.975138552,4,9,1,121
24.4766539,0.928698623,4,11,5,128
101.1573881,0.851632454,1,13,5,133
229.6410492,0.787053337,2,9,5,139
15.44541826,0.935896681,2,6,1,132
11.42929158,0.949434717,1,9,3,127
3.983544388,0.971530717,2,12,2,120
9.795435584,0.953566629,4,7,5,128
13.4930595,0.945337124,2,16,4,123
73.55880618,0.866986634,1,7,4,137
144.5225438,0.828039642,3,7,4,139
455.6569131,0.689321329,2,18,2,137
371.7184333,0.732981346,5,13,3,138
164.081108,0.813089409,1,13,4,135
24.54697734,0.912305477,2,5,1,136
15.70524124,0.943738017,5,11,5,126
73.83339152,0.873029265,1,11,3,133
6.010531881,0.965025948,3,10,1,123
10.32831375,0.951980496,1,16,3,122
16.22791874,0.940630746,4,7,5,130
26.50473654,0.924706048,3,8,4,131
4.374685496,0.970158022,3,11,4,121
178.7421441,0.798275909,3,18,3,133
244.7359916,0.774888533,2,14,2,136
81.52795794,0.859402794,4,20,3,129
16.51657405,0.938297162,3,18,1,123
543.8736493,0.658177447,5,20,3,137
42.47046529,0.903864397,5,15,2,128
721.3789541,0.634052831,3,15,3,140
40.37734188,0.907853743,2,10,5,131
1.17513826,0.983193047,4,6,3,121
152.3687845,0.817592912,4,16,5,133
70.09533622,0.872396622,4,18,3,129
8.298559553,0.956925917,5,18,1,120
26.99353794,0.917236137,1,7,1,133
6.088814754,0.963847846,1,12,4,122
9.565917589,0.954670491,2,9,1,126
35.94733505,0.914321097,5,9,4,131
494.248038,0.685844344,3,16,4,138
7.08775672,0.960154378,1,17,1,120
121.5692484,0.831191399,1,7,1,139
667.536384,0.625771194,2,20,4,138
24.98326815,0.925259507,2,8,1,131
41.19223061,0.905630732,2,9,1,132
182.2326183,0.796348464,5,18,1,133
5.727865387,0.961014573,2,6,3,128
74.65969594,0.866290084,3,19,1,129
4.025287919,0.970717951,1,11,4,121
5.004282089,0.968181158,4,9,3,123
1.75252924,0.977088267,3,5,2,125
70.48166055,0.878102948,3,8,2,135
4.813555066,0.96232111,3,5,2,129
36.31209754,0.914337003,5,9,5,131
23.47218833,0.92695637,1,9,3,130
29.32030702,0.916945278,1,8,4,132
55.04169152,0.887507424,1,16,3,129
4.568949015,0.96983543,4,11,1,121
5.179924243,0.967520944,3,12,5,121
351.2072288,0.736681604,2,13,1,138
8.903149017,0.954897101,4,19,4,120
0.980692796,0.983732657,2,6,4,121
46.62996263,0.901334068,4,12,2,130
34.25004615,0.910774288,4,18,2,126
215.8109153,0.786228426,2,15,5,135
472.2752614,0.685478864,5,18,1,137
9.651350036,0.953936798,5,17,5,121
236.3520952,0.787861554,4,10,4,138
79.2285823,0.864961176,2,17,1,130
22.53756459,0.929311692,4,16,2,125
125.8900445,0.836996275,5,14,1,133
37.62008727,0.906248225,1,17,5,127
23.37876004,0.926362131,1,17,2,125
5.731037281,0.961013967,2,6,3,128
5.333160754,0.967236347,4,12,2,121
349.8222038,0.737230528,2,13,3,138
6.142233648,0.963835287,1,12,3,122
16.59369827,0.938294834,3,18,1,123
24.25116901,0.926228795,1,15,1,126
214.6312082,0.78347361,5,17,2,134
427.9334366,0.705133189,1,15,5,138
116.6127676,0.844027194,2,12,4,134
3.663559776,0.972775402,3,10,2,121
145.7568864,0.827728257,3,7,2,139
1016.493586,0.561386745,3,19,1,140
47.69522935,0.897068735,1,10,4,132
9.925977575,0.95419473,3,9,1,126
163.5959624,0.81434877,1,10,1,137
1.906152026,0.980248401,5,8,4,120
6.151181706,0.964062382,4,15,1,120
107.0073495,0.841026442,1,18,2,131
36.78675268,0.910913744,3,14,2,128
63.49971945,0.875377142,3,20,1,128
411.577219,0.717138894,4,14,2,138
62.52297549,0.884015599,1,10,5,133
411.9346754,0.722719291,4,12,1,139
15.57858338,0.943742065,5,11,5,126
671.8695902,0.635591289,2,17,1,139
18.28118469,0.935171706,1,9,1,129
399.390967,0.70539435,4,19,3,136
80.56270174,0.864270761,3,17,1,130
5.768817397,0.9647442,2,9,5,124
240.4870073,0.783175227,3,8,3,140
18.74378106,0.932412889,1,20,1,123
34.74331827,0.914070454,4,7,1,133
48.44785203,0.890510627,1,20,3,127
265.6522514,0.751827555,4,20,2,134
39.78676683,0.90467344,4,17,3,127
266.1510666,0.779573628,5,8,4,140
44.63305793,0.899591266,2,16,4,128
333.8575237,0.724613167,3,20,5,135
6.917532954,0.952687755,2,5,3,131
190.0202245,0.789350513,2,19,4,133
2.033043154,0.97628258,2,6,2,124
16.29538736,0.938632136,2,18,1,123
122.077244,0.838728693,3,14,1,133
31.55768253,0.915059053,5,17,2,126
12.68396061,0.947549806,1,12,2,125
66.7933895,0.883650561,5,11,2,132
28.93205112,0.916950196,1,8,4,132
109.3291135,0.840265521,2,18,3,131
12.05850826,0.947879984,3,7,1,129
74.39358504,0.873019402,1,11,3,133
112.0674254,0.839654878,1,16,1,132
429.9168541,0.700913614,4,17,1,137
48.06206157,0.899006282,2,11,2,131
65.73103506,0.882766143,2,10,2,133
50.73976346,0.889026287,4,20,5,127
115.6728193,0.832940424,1,19,2,131
7.189744257,0.959253816,5,6,2,128
1016.844925,0.56177879,3,19,2,140
31.0271843,0.915927657,3,17,3,126
495.5492002,0.685872617,3,16,5,138
17.15882823,0.929112766,1,6,5,133
30.50568987,0.918252216,1,13,5,128
9.258081404,0.954362666,2,8,2,127
115.958597,0.847494012,3,9,4,136
54.60899637,0.887545094,1,16,4,129
2.607698369,0.975219944,5,6,3,124
71.16050909,0.874302605,1,14,5,131
4.047471989,0.971292882,5,8,4,123
53.13374597,0.875244704,2,5,4,139
24.7257313,0.925146057,4,17,3,125
5.890911425,0.964738606,2,9,5,124
2.914136473,0.975197351,3,8,3,122
529.457632,0.671380659,2,17,5,138
8.106278469,0.957416496,3,18,4,120
3.196197009,0.972590151,1,8,2,123
12.00745398,0.948897783,2,9,5,127
127.2780815,0.838094308,2,11,2,135
4.442512276,0.965590523,2,6,4,127
7.280435889,0.95592834,2,6,5,129
146.6176976,0.812645103,1,19,2,132
45.28137377,0.903182945,4,8,5,133
8.119175765,0.957406039,3,18,3,120
129.4228279,0.829025996,3,17,4,132
143.0829926,0.820356341,1,16,3,133
339.333649,0.731140162,4,17,1,136
1.355519109,0.981225593,3,6,2,122
581.3043095,0.67282573,3,13,1,140
2.772773555,0.976208332,2,10,2,120
242.0911317,0.78508213,3,9,3,139
5.580423655,0.964033829,5,6,3,127
53.64342427,0.893689576,4,13,2,130
14.09168269,0.944307322,5,16,1,123
176.2652811,0.79923304,2,18,4,133
4.843142064,0.961716664,1,6,5,128
13.72379799,0.946700446,3,12,3,125
150.6040483,0.811869093,2,19,5,132
395.4254934,0.720230189,2,14,4,138
79.2967987,0.868000758,1,13,3,132
1.751715197,0.980633845,3,8,1,120
14.2213036,0.94395356,1,10,4,127
131.1743242,0.822769189,4,20,4,131
486.8136866,0.687294629,2,16,5,138
52.22950023,0.892901216,3,15,5,129
132.7897817,0.829517489,2,15,2,133
158.1580316,0.803779482,1,20,2,132
8.300706816,0.957225734,2,16,1,121
15.2435957,0.941078076,5,6,2,131
50.62988172,0.895175325,2,13,4,130
4.895523366,0.967555488,5,7,3,125
2.21192413,0.973963016,3,5,1,126
1.040890243,0.983525862,1,7,2,120
7.929121308,0.959317112,4,15,1,121
314.6706162,0.752992041,3,12,2,138
4.588173933,0.962430574,3,5,5,129
62.52428327,0.870602077,1,6,5,138
5.204794115,0.961688353,4,5,2,129
43.90108402,0.900876387,1,14,2,129
3.776969572,0.968988136,3,6,1,126
458.229623,0.705704743,3,13,2,139
78.14314327,0.874143508,5,12,5,132
23.78999563,0.925950587,2,17,3,125
203.4263936,0.803343963,5,7,3,140
98.17531168,0.85589302,4,14,3,132
25.32106214,0.928085402,5,11,2,128
56.1774245,0.890476024,2,12,4,131
53.3571098,0.887706491,2,18,2,128
0.775417569,0.984260716,3,5,2,122
480.0847203,0.676261853,1,19,1,137
16.88857501,0.935240243,3,6,3,132
78.05548766,0.861281602,1,20,4,129
10.67152532,0.953475433,5,9,5,126
22.10871342,0.93200414,5,8,5,130
39.45891939,0.901949892,3,20,4,126
2.567911799,0.96808196,1,5,5,128
31.6924939,0.917617582,2,13,5,128
1.881200263,0.978404318,4,6,2,123
8.738447161,0.957035885,2,11,2,124
545.9118063,0.668462474,4,17,2,138
68.55416794,0.8803738,4,13,5,131
33.36546077,0.911721884,2,18,5,126
10.07074052,0.952074194,2,18,3,121
19.40795974,0.936806263,4,11,2,127
259.3026824,0.760986758,2,17,1,135
6.53721329,0.963654899,5,9,4,124
18.894699,0.934400609,4,6,5,132
8.815665671,0.946554077,2,5,5,132
475.0827115,0.702324537,5,13,1,139
389.6855,0.716756267,3,16,1,137
51.25809097,0.892061137,5,17,4,128
29.3268,0.920623217,4,14,3,127
21.06894568,0.932602396,4,7,1,131
459.171873,0.705956563,3,13,4,139
818.9275602,0.599332857,5,19,4,139
38.05727045,0.908451449,1,10,1,131
2.239264956,0.977930259,4,7,3,122
327.811247,0.733855297,2,17,3,136
18.29248442,0.934696017,4,19,1,123
6.718436713,0.962034548,3,16,5,120
46.28436996,0.899985108,1,11,4,131
26.76577665,0.924205668,4,7,4,132
10.32696549,0.951999934,1,16,5,122
3.421710866,0.97226327,2,8,4,123
34.10848211,0.90814405,5,5,1,136
61.59351439,0.885571131,5,14,4,130
2.255439145,0.978109946,3,8,3,121
208.02319,0.792730871,1,10,4,138
282.1163726,0.758721617,4,15,4,136
466.0563433,0.704197943,4,13,2,139
15.30286895,0.942871548,2,13,4,125
26.26435283,0.925572841,5,13,5,127
14.45414994,0.942031469,5,19,3,122
5.737270062,0.964692472,2,9,2,124
146.9104218,0.8127223,1,19,3,132
1074.62338,0.546766999,2,20,5,140
74.83439356,0.871143023,4,16,2,130
8.309596957,0.957291794,2,16,4,121
67.7669285,0.879540233,2,8,4,135
5.677594285,0.961077792,5,5,2,129
107.1311398,0.851339944,2,10,1,135
7.65256958,0.959627989,3,15,3,121
49.20849755,0.890006577,2,20,5,127
663.9293123,0.652024681,4,14,5,140
21.87506879,0.927434155,1,19,3,124
114.9237647,0.838990129,2,16,3,132
11.45093539,0.950962128,5,14,1,123
27.23871765,0.917602014,1,7,4,133
62.73118184,0.880095291,2,7,2,136
162.1673472,0.809109205,2,17,2,133
3.14139531,0.974641998,5,8,3,122
17.30774059,0.92870648,1,6,1,133
277.5703901,0.759910437,3,15,5,136
271.4750517,0.75832329,5,17,5,135
300.3716387,0.747386344,2,16,4,136
146.940749,0.830874347,4,10,3,136
858.9773765,0.585492838,3,20,1,139
21.48938542,0.933368458,4,9,4,129
38.4766628,0.907751584,1,13,5,129
1.802870154,0.978664935,3,6,1,123
11.28939182,0.949398197,1,9,2,127
61.3350712,0.876690962,1,20,3,128
279.9358181,0.766091995,2,10,2,139
96.40053274,0.856440649,3,14,1,132
358.8630129,0.730924635,4,15,3,137
10.30647611,0.954540508,5,10,4,125
2.944163943,0.970087894,1,6,2,126
57.31966402,0.881760737,1,7,3,136
637.8932749,0.65034846,4,16,3,139
820.3053038,0.599251918,5,19,3,139
310.8199507,0.748819376,2,14,3,137
133.2635533,0.829644566,2,15,4,133
4.460027504,0.969425879,2,10,1,122
361.3023224,0.73921637,2,10,3,140
472.5939316,0.688804946,1,16,5,138
657.7837236,0.627065541,1,20,3,138
241.8197577,0.786432681,5,10,4,138
1.347449749,0.979437807,1,6,2,123
407.3768897,0.705091255,1,17,2,137
208.3778708,0.78745986,1,15,5,135
9.280145185,0.955697124,2,10,2,125
7.388050145,0.955877897,2,6,3,129
11.70363034,0.948936391,1,15,1,123
20.47472645,0.934373737,4,13,1,126
11.07604846,0.948559369,2,7,1,129
457.936328,0.689452579,2,18,3,137
1.053115834,0.982100344,3,5,1,123
21.65446748,0.930042928,2,16,1,125
5.02759711,0.968156348,4,9,2,123
58.2917351,0.881926761,2,19,5,128
57.5957794,0.892007415,4,9,5,133
2.633002635,0.973159336,2,6,3,125
35.0736343,0.906579711,1,7,1,134
548.9811079,0.668451496,4,17,2,138
8.763753548,0.950958977,4,5,2,131
8.651614217,0.958061347,4,12,5,123
143.5992471,0.818356761,5,18,2,132
54.43744008,0.883252173,2,6,3,137
64.15100304,0.874965713,4,20,2,128
38.10046723,0.908690593,1,10,3,131
47.52487341,0.884810272,1,6,2,137
336.6327075,0.738307408,1,13,1,138
60.28577703,0.886112987,4,14,2,130
122.6699953,0.830069813,5,19,3,131
126.3315295,0.837331296,5,14,4,133
3.680782171,0.971920408,3,8,4,123
170.7478338,0.799912482,1,18,1,133
22.6291475,0.930159825,3,14,4,126
171.1685188,0.800104594,1,18,2,133
156.4439744,0.826096552,5,9,5,137
41.77282312,0.904422055,4,15,3,128
674.3506547,0.650491691,5,14,4,140
596.4180486,0.653104679,4,18,3,138
1.623199503,0.980928145,2,8,3,120
124.3542866,0.844982859,5,9,4,136
66.8072923,0.878609432,4,15,2,130
6.563019882,0.963160476,5,8,2,125
6.098323778,0.964806802,4,10,4,123
215.8896834,0.788647642,1,9,2,139
0.58850912,0.987319162,5,5,3,120
108.951434,0.849596636,3,13,5,133
118.1090459,0.832227316,2,19,4,131
56.60085012,0.893387282,5,10,2,132
198.3734014,0.797703339,1,11,1,137
357.6971141,0.731033845,4,15,5,137
6.349341862,0.957199709,3,5,1,130
960.6305112,0.576569147,5,18,5,140
7.2754165,0.960901132,2,10,4,124
47.45543217,0.893704036,5,19,2,127
120.4144993,0.837384509,4,16,5,132
164.9326294,0.812636228,1,13,1,135
157.2946096,0.818332253,4,14,2,134
185.1867994,0.809891228,4,10,1,137
225.9932481,0.78683301,4,13,4,136
36.01522563,0.907033332,2,19,3,126
17.67019726,0.935394867,2,19,2,123
16.26243247,0.940896877,5,15,5,124
4.271202482,0.970869183,5,12,3,120
7.659461704,0.959627715,3,15,3,121
10.38413906,0.945590912,3,5,5,132
734.9289272,0.632610257,4,15,4,140
42.80517249,0.903630193,1,12,5,130
151.2795212,0.82625945,4,7,4,139
8.426460801,0.957382062,1,11,1,124
8.173455662,0.957173543,4,18,2,120
18.16117256,0.938911427,5,12,5,126
2.446772014,0.973633168,4,5,3,126
49.2390309,0.889991533,2,20,4,127
451.6674457,0.713675948,4,11,3,140
55.74599117,0.891282864,4,7,5,135
7.696364845,0.955304201,1,7,2,128
115.597302,0.847532245,3,9,5,136
152.0367082,0.820124008,2,14,1,134
168.6127254,0.808866974,2,15,2,134
127.9670081,0.838086385,2,11,2,135
23.2733095,0.925994075,5,19,3,124
122.7648291,0.844551274,4,8,3,137
245.8231227,0.763426713,3,19,2,134
98.55124942,0.850247377,3,6,3,139
8.42778006,0.957442062,1,11,2,124
386.6957334,0.707620472,2,19,3,136
6.363406841,0.963532739,2,12,5,122
10.27924371,0.952000812,1,16,5,122
34.10071545,0.914455168,4,7,4,133
60.44206338,0.880917595,1,17,5,129
8.718136101,0.946397866,2,5,2,132
3.0777816,0.975202732,4,9,4,121
25.05307423,0.924816726,5,6,2,133
223.3872085,0.787819301,3,13,2,136
24.7008566,0.925878736,2,15,5,126
15.59438813,0.940993485,5,17,1,123
172.8586229,0.807958582,3,15,4,134
72.61147263,0.867005807,1,7,4,137
24.96834103,0.922651961,4,20,5,124
129.2331702,0.828981388,3,17,3,132
73.54818809,0.871660306,3,16,1,130
106.478667,0.851753001,2,10,3,135
12.3484582,0.949001765,3,13,1,124
13.29046722,0.947091793,2,12,2,125
99.66253308,0.855185424,5,14,5,132
7.407958205,0.955877213,2,6,3,129
103.4183049,0.846884005,4,17,2,131
30.65502276,0.913465981,2,20,3,125
259.5453018,0.753837639,2,20,4,134
81.3814679,0.863824421,4,17,3,130
12.15615558,0.950190716,5,11,2,125
36.94161251,0.90953199,5,16,5,127
5.226592689,0.96178952,4,5,5,129
163.67947,0.808197122,3,17,2,133
20.07994925,0.934648715,2,9,4,129
49.18030114,0.894329313,1,8,5,134
43.51844729,0.905970509,4,10,1,131
18.5335786,0.935168647,1,9,1,129
25.84335316,0.924911341,4,15,2,126
1.344522018,0.98135274,1,7,4,121
67.49890688,0.883446871,5,11,1,132
91.5320736,0.865064577,5,10,4,134
23.91981958,0.929166226,3,11,2,128
1.762632531,0.980681136,3,8,3,120
46.848722,0.887449457,3,5,5,138
1074.701267,0.546762253,2,20,5,140
2.000151534,0.97174563,1,5,2,127
62.04678189,0.880133828,2,17,2,129
2.731467928,0.976241453,2,10,5,120
8.371934246,0.957498789,1,11,5,124
1108.248731,0.542523229,5,20,2,140
157.1034453,0.810208111,1,17,3,133
43.89489705,0.903742709,3,8,1,133
584.1299503,0.666537636,5,15,3,139
7.683095359,0.959246272,3,8,4,126
868.1984067,0.584576784,4,20,2,139
107.7338827,0.848194004,4,6,2,139
8.80611819,0.955118198,3,19,4,120
109.2982641,0.846618138,4,15,5,132
0.91521197,0.98515594,4,6,2,120
32.82142236,0.917498724,3,10,2,130
147.1361809,0.812770906,1,19,5,132
10.75108568,0.94977386,1,19,4,121
27.06407814,0.925822612,5,10,5,129
8.492021136,0.958352613,3,12,3,123
19.56242311,0.933641432,3,7,3,131
941.496653,0.579284141,3,18,5,140
3.874901196,0.971506903,4,8,1,123
138.2292456,0.828554385,3,15,2,133
4.017823017,0.971611407,5,9,2,122
365.058814,0.719318893,3,18,2,136
138.4279696,0.831129384,3,13,5,134
1.261811435,0.982969174,5,6,5,121
24.11827369,0.926315864,1,15,2,126
21.55790633,0.93336761,4,9,4,129
10.05636671,0.952076141,2,18,3,121
3.156695131,0.972432257,2,7,3,124
307.0798683,0.746192606,3,16,5,136
158.7529547,0.803904193,1,20,5,132
3.024574534,0.975557876,5,10,5,120
2.653086401,0.975297818,3,7,2,123
7.633650509,0.959610683,3,15,2,121
0.330780912,0.988217481,1,5,1,120
6.934797262,0.96159259,5,16,4,120
276.9810282,0.764116642,1,9,5,140
6.296830375,0.964464314,5,10,2,123
58.30593209,0.885420229,4,16,1,129
427.602955,0.705091846,1,15,4,138
4.572424428,0.969877749,4,11,2,121
3.4161379,0.971829329,5,6,1,125
362.8912084,0.729618535,5,15,2,137
664.2260706,0.651887066,4,14,3,140
7.564864935,0.955810914,5,5,1,130
16.35085306,0.941565724,3,9,3,128
516.5016377,0.662735585,1,20,2,137
13.54128827,0.945445152,1,11,1,126
113.4505642,0.837912094,5,18,1,131
387.0064335,0.707237305,2,19,1,136
16.6909422,0.938556561,1,16,2,124
205.2774381,0.779454348,2,20,2,133
14.07839147,0.942435346,1,8,5,129
295.2268537,0.756479392,1,12,5,138
15.28709919,0.941706841,2,8,5,129
143.1663592,0.827245818,3,7,1,139
463.6289915,0.712166832,5,11,5,140
16.92645559,0.93778477,5,18,4,123
11.12891829,0.951317013,2,11,1,125
57.01061892,0.893465249,5,10,3,132
9.496923872,0.956008976,5,11,4,124
21.47270554,0.931131991,1,14,4,126
15.88062641,0.942849696,3,10,5,127
16.03507258,0.941228367,4,15,5,124
61.18784131,0.881623443,3,6,3,137
209.0415564,0.792725603,1,10,4,138
31.23455769,0.913055434,3,20,3,125
4.431003181,0.968235276,3,7,1,125
255.5244091,0.772664004,4,14,5,136
152.741473,0.823572209,3,12,2,135
3.746693397,0.966189974,1,6,4,127
12.85331832,0.948341268,3,9,4,127
81.3876078,0.859235406,4,20,1,129
8.098726614,0.957581151,1,16,5,121
19.91706036,0.934950422,3,13,4,126
58.00050771,0.890852836,4,8,4,134
25.48545715,0.925042948,3,7,3,132
26.14360743,0.921665623,2,18,1,125
363.4067837,0.729825421,5,15,4,137
5.111543403,0.966833585,1,11,4,122
122.2981394,0.84466822,4,8,5,137
3.474497793,0.973656716,3,11,5,120
4.988429299,0.967788295,2,12,4,121
9.179985649,0.9549144,1,15,2,122
91.83388166,0.850351061,1,7,3,138
43.72600778,0.903086923,4,7,1,134
17.41366835,0.939700929,3,12,2,126
8.764657223,0.957754821,5,12,4,123
37.61838554,0.90622276,1,8,3,133
5.636929374,0.960950446,5,5,1,129
5.566336874,0.961058363,2,6,5,128
124.2565516,0.837839618,4,14,1,133
53.14668771,0.893912875,2,9,3,133
231.5002426,0.785200584,5,13,1,136
138.1327004,0.820820706,2,18,4,132
19.91095046,0.92796228,2,6,5,133
70.0206936,0.868381307,2,6,2,138
10.43021546,0.953280977,2,12,5,124
121.934837,0.839027249,3,14,3,133
333.6887903,0.746255397,2,11,4,139
9.935931893,0.954319614,3,9,3,126
14.36965848,0.941816791,2,7,1,130
17.3234797,0.935695083,1,19,1,123
7.803116096,0.959358345,4,15,2,121
23.29908129,0.92839517,1,10,4,129
60.69583775,0.880897902,1,17,4,129
108.8192757,0.849575389,3,13,4,133
47.91392949,0.894100682,1,17,1,128
228.5277836,0.786244992,2,9,1,139
22.40051704,0.931893002,3,12,3,127
327.2616865,0.725601914,2,20,3,135
24.64164593,0.925116314,4,17,2,125
2.862441506,0.975021317,4,7,5,123
400.9152499,0.714380104,5,16,1,137
48.40271271,0.898356762,5,14,2,129
249.8444763,0.782743719,4,9,1,139
82.3245567,0.863253749,5,17,5,130
111.7617535,0.845198684,1,12,4,134
25.03908596,0.924796214,5,17,4,125
10.11011983,0.952056551,2,18,2,121
3.640118507,0.973154694,5,11,1,120
26.43695144,0.926315188,4,10,2,129
2.270379459,0.978331039,3,9,3,120
38.51937047,0.90695119,1,9,4,132
12.14440673,0.948160071,4,17,5,122
132.0319266,0.828223256,4,17,4,132
37.58915425,0.906135044,1,8,2,133
2.049159616,0.976333112,2,6,5,124
61.61681105,0.885479387,5,14,2,130
35.58960126,0.914764728,4,9,1,131
9.496436968,0.954825628,2,9,5,126
15.58973071,0.94359227,5,11,1,126
125.1434145,0.824990615,1,20,3,131
489.993425,0.674941422,2,19,1,137
632.9658629,0.639213516,3,19,3,138
331.7517089,0.746174138,2,11,3,139
7.277864624,0.947521528,1,5,3,132
122.9335317,0.8449295,5,9,3,136
0.762649156,0.985642082,2,6,3,120
14.5573015,0.941648829,4,6,1,131
187.017156,0.810468412,4,10,4,137
11.99279495,0.950594502,4,11,3,125
12.78811122,0.94886718,4,10,1,126
40.87481507,0.888474789,2,5,1,138
595.5783904,0.652971026,4,18,2,138
24.25241299,0.923342236,2,20,3,124
116.4359513,0.848283553,5,10,3,135
12.31913874,0.950112499,5,11,1,125
809.0854394,0.600482911,4,19,3,139
19.41256629,0.931816877,3,20,4,123
107.3214339,0.84741986,3,15,5,132
16.85330537,0.939847394,5,7,2,130
48.95090538,0.893874845,1,8,1,134
18.89780726,0.934451161,2,17,3,124
87.07197925,0.85522214,4,5,3,140
15.28494471,0.942883466,2,13,5,125
4.8601007,0.967583297,5,7,5,125
892.4279812,0.593504881,5,17,1,140
78.82499933,0.865214845,2,17,5,130
89.20941477,0.862922697,5,6,1,138
10.33205625,0.952001047,1,16,5,122
9.758975798,0.955312882,3,10,4,125
158.9423932,0.824632184,5,7,5,139
0.331805084,0.988266396,1,5,3,120
29.34772045,0.916470151,5,19,4,125
164.1166185,0.802202693,3,20,5,132
8.284484365,0.957184462,4,18,3,120
263.3115156,0.772594697,2,11,3,138
8.738503754,0.956082308,1,10,1,125
3.916063971,0.971881149,4,9,2,122
176.0114624,0.799111206,2,18,2,133
458.4388213,0.712145188,5,11,4,140
438.2429947,0.703327374,2,15,2,138
25.38811824,0.926197927,2,9,5,130
1.953561793,0.974447703,2,5,1,126
436.9549934,0.700289068,5,17,4,137
388.1317479,0.717217296,3,16,3,137
944.5328811,0.578582074,3,18,1,140
5.405393575,0.957967674,2,5,1,130
5.16478073,0.967890901,5,9,4,123
122.6742673,0.844007042,4,8,1,137
130.5519995,0.822795484,4,20,5,131
4.276282517,0.970883527,5,12,5,120
43.28989324,0.900141895,1,16,2,128
0.686191568,0.985857088,4,5,2,121
33.04130751,0.916305183,4,13,1,128
7.619966231,0.959609955,3,15,2,121
492.4938034,0.685859392,3,16,4,138
109.8442034,0.847389833,2,8,2,137
195.3740114,0.787606055,4,19,4,133
648.2834201,0.653626883,3,14,5,140
18.35848091,0.934480292,2,7,3,131
84.02607733,0.858627595,1,18,5,130
56.86212507,0.886836774,2,16,4,129
11.40394349,0.94906002,1,17,5,122
0.597355341,0.987318233,5,5,3,120
21.78448927,0.930160308,2,16,4,125
33.65704548,0.907672603,2,6,1,135
133.2877018,0.83221682,2,13,5,134
15.71783773,0.941571257,3,15,4,124
142.0332753,0.82913434,5,13,3,134
43.48799199,0.904706968,3,9,1,132
47.69993475,0.89898068,4,14,3,129
426.8178553,0.717350834,2,11,4,140
7.25291994,0.95990219,2,17,1,120
11.0153929,0.951626847,3,14,2,123
90.02198394,0.865988484,4,10,3,134
137.4718615,0.831108659,3,13,4,134
138.218943,0.820812327,2,18,4,132
446.0128132,0.690361638,1,18,1,137
5.453603338,0.966505856,2,11,4,122
11.26484357,0.948978686,4,19,4,121
13.16795689,0.947848686,4,9,4,127
9.999935892,0.953891542,3,8,5,127
43.96986836,0.877377115,1,5,4,139
10.66324083,0.951638256,2,16,2,122
14.8625369,0.944605673,3,11,5,126
75.03489554,0.872632606,3,14,4,131
1.118835728,0.983294351,2,7,4,120
461.4579148,0.71217106,5,11,5,140
13.06360047,0.938468813,3,5,4,133
197.0730429,0.797579709,3,14,2,135
387.4070472,0.707509269,2,19,2,136
93.03619772,0.853291988,5,5,3,140
228.7222633,0.789379386,3,10,4,138
178.0968726,0.80955551,4,13,4,135
745.27198,0.617988265,3,18,3,139
2.200168258,0.97791292,4,7,2,122
79.53559627,0.857292131,3,5,3,140
34.39448281,0.910806061,4,18,3,126
831.5657093,0.588859605,1,20,4,139
1.716938198,0.980504881,4,7,2,121
63.8847741,0.881345056,1,9,1,134
148.1005006,0.829252891,5,10,1,136
40.80513651,0.904988296,3,15,4,128
16.01452619,0.941206794,4,15,3,124
240.9397775,0.772529809,3,16,3,135
50.66973883,0.888955133,4,20,2,127
6.847904101,0.952735826,2,5,4,131
14.18004969,0.945055657,2,11,3,126
90.21431443,0.851492055,2,6,1,139
6.719193776,0.962004305,3,16,2,120
186.8490451,0.810467193,4,10,4,137
56.05776368,0.888330001,1,14,3,130
129.8318282,0.823211233,3,20,1,131
40.44068018,0.898553914,4,5,4,137
61.84532263,0.885983642,2,11,1,132
3.980590671,0.971204711,5,8,1,123
58.53678013,0.885616502,4,16,4,129
132.8919042,0.829606404,2,15,3,133
542.1057893,0.672608562,1,15,4,139
3.84026061,0.9713663,5,7,5,124
1.485939514,0.977527213,2,5,2,125
24.24706314,0.929047271,3,11,1,128
218.4430109,0.776144602,1,18,1,134
0.538587133,0.987486651,4,5,1,120
5.675302518,0.961163002,5,5,4,129
8.061553929,0.959717476,5,10,1,124
177.0963981,0.809583482,4,13,5,135
9.168813147,0.95331338,1,20,4,120
167.6592282,81.72146322,3,11,4,136
88.18948671,86.22208415,1,12,3,133
210.865973,78.43773038,4,17,2,134
16.25356536,94.03618127,4,7,1,130
8.076372396,95.9807265,5,10,3,124
73.1904237,87.83129231,4,9,3,134
15.64728603,93.91180908,5,20,3,122
6.903410734,96.05476917,1,9,5,125
10.71496985,95.29153623,5,8,5,127
18.492766,93.53806599,1,9,4,129
109.212736,84.02682773,2,18,3,131
96.12556211,86.20526788,5,9,4,135
6.660789046,96.24594052,2,14,1,121
11.94583761,94.84392257,3,17,5,122
22.18539303,93.17634479,3,12,1,127
98.09768557,84.91913941,1,17,2,131
114.349483,84.09521276,1,14,2,133
8.679869515,95.67629496,4,16,3,121
491.9659341,67.49318758,2,19,1,137
80.92686039,85.97995705,3,20,1,129
409.5963042,69.56917693,1,20,1,136
55.68615825,88.60094552,5,18,1,128
673.2184971,63.61257935,2,17,3,139
3.32953156,97.27503218,1,9,1,122
11.39226508,95.10408125,5,14,3,123
61.78972081,88.5476407,5,14,2,130
1.391198008,98.1222078,3,6,2,122
1.93944057,97.86736167,1,8,3,121
104.0671576,84.14312744,5,20,3,130
13.93773881,94.28458453,2,19,2,122
24.79648013,92.86089174,4,11,2,128
156.413069,81.1626298,1,7,5,140
2.847540736,97.0608934,3,5,2,127
1.221628247,98.14775394,5,5,1,123
58.52133693,88.56197761,4,16,4,129
4.726544813,96.851623,3,9,4,123
34.25655136,91.43060905,4,7,2,133
50.73501292,89.36744038,4,6,5,136
14.92768188,94.45715722,3,11,3,126
222.0141898,78.80497614,3,13,5,136
51.27169804,89.75594323,4,11,5,131
128.0829499,82.42271947,2,20,5,131
23.0741521,92.96734377,4,14,2,126
4.747405062,96.82040534,3,8,5,124
11.13892917,94.86855572,2,7,2,129
17.67601954,93.54163169,2,19,3,123
15.62901656,93.91186728,5,20,3,122
11.17905618,95.1418934,2,11,3,125
11.01934706,95.10623585,4,16,2,122
31.60674627,91.82936834,2,10,3,130
2.025015837,97.88449385,1,9,5,120
121.2928185,83.65766285,5,16,3,132
56.69157513,89.04836744,2,12,5,131
43.55967829,90.40743032,3,8,3,133
449.7590529,71.34727696,4,11,2,140
380.4836039,70.89402873,1,19,5,136
63.69375283,88.16120734,1,9,2,134
142.7452044,82.00703344,1,16,1,133
542.0501974,66.99481948,3,17,4,138
8.053487914,95.98219572,5,10,4,124
70.04024137,87.33277346,1,16,3,130
415.2790119,71.60893045,5,14,4,138
18.49049661,93.73123141,5,14,1,125
1.283222915,98.15521298,5,5,3,123
59.01554687,88.50344976,5,16,3,129
7.207748903,96.01251185,1,15,1,121
59.90653662,88.17548993,3,6,5,137
16.29351196,94.06109299,4,7,4,130
53.82761681,89.17384702,5,15,5,129
12.95045463,94.5426856,3,18,1,122
155.6995857,82.00044116,1,11,5,136
22.08360226,93.04415022,1,11,3,128
53.22918453,89.22025282,4,15,2,129
14.77839362,94.02008309,1,20,1,122
9.274224119,95.4399397,2,8,3,127
316.6835926,73.39793047,5,19,1,135
336.5586333,74.61561515,2,11,3,139
263.1626143,75.27266806,3,20,2,134
110.744573,84.8675057,4,13,4,133
2.192494815,97.60570102,1,7,5,123
128.9152529,83.33721812,1,13,5,134
340.3156048,74.12606404,1,10,3,140
41.08199665,90.09769389,1,18,4,127
5.161573813,96.68209756,1,11,3,122
34.42002244,91.48704458,3,8,2,132
7.413437253,96.00764338,2,9,4,125
51.28274199,88.85666804,5,20,4,127
76.8879064,86.6922288,3,6,5,138
2.467210354,97.78878639,5,9,3,120
5.941746383,96.50273369,3,10,1,123
8.167241325,95.51969374,3,6,3,129
6.837065451,96.18051298,4,16,4,120
62.17934995,88.39477384,1,10,3,133
940.001914,57.92429151,3,18,4,140
53.90686243,89.48389481,3,10,1,132
12.02284681,95.04898575,4,11,1,125
30.3661951,91.75110579,1,9,3,131
800.8306693,60.17808221,3,19,3,139
265.3964362,75.18294598,4,20,2,134
7.501161705,95.99033685,2,15,4,121
109.3361373,84.76242724,2,8,4,137
7.274428993,95.99578538,2,17,4,120
3.541326733,97.34330425,4,11,5,120
167.4454068,81.71455652,3,11,3,136
7.260734416,95.99509438,2,17,3,120
13.04058337,94.56851617,1,16,3,123
192.4493201,79.8476014,2,14,1,135
388.6379932,70.75004451,2,19,2,136
38.63713336,90.66271919,1,9,1,132
110.4674243,84.86335693,4,13,3,133
582.0620274,66.79484667,4,15,4,139
10.61352115,95.16429367,2,16,2,122
97.68954585,85.92572856,4,12,3,133
20.86927804,93.48359967,4,10,4,128
144.7675243,81.83448525,5,18,2,132
15.67937654,94.24549697,3,13,5,125
19.91867568,92.79670013,2,6,5,133
135.9952825,82.86486411,3,15,3,133
795.9719414,61.51979429,3,16,3,140
0.951953862,98.36692831,2,6,1,121
196.2393218,80.22768225,3,12,2,136
878.6058819,59.55863912,4,17,5,140
1.345495325,98.13514819,1,7,4,121
52.62722392,89.4470704,3,13,5,130
64.67705987,88.00585765,2,15,4,130
4.099334184,96.87733512,2,7,3,125
60.48117454,88.08250085,1,17,2,129
20.69261259,93.48395037,4,10,4,128
6.825575555,96.17979518,4,16,3,120
8.833051434,95.70364737,2,11,2,124
25.44096397,92.81670845,5,11,5,128
135.1339134,83.59552952,4,11,5,135
182.1374748,80.81942568,2,8,4,139
344.9724482,73.35235049,2,15,3,137
194.5455994,80.53569834,4,7,5,140
18.01402385,93.50804426,3,19,3,123
196.3617213,79.830105,1,11,4,137
3.765608966,97.25408217,4,10,3,121
12.6054704,94.28915862,1,7,4,130
4.79753176,96.80080986,1,12,1,121
142.134005,82.92073261,5,13,5,134
940.1587697,57.92911371,3,18,5,140
905.8083125,58.23547683,1,18,4,140
10.64362226,95.29034244,3,12,5,124
499.0342397,67.41375345,3,19,3,137
124.5858527,83.80436729,4,14,2,133
207.5435834,78.74347802,1,15,4,135
167.931739,80.06964758,5,20,4,132
9.01962475,95.66530384,5,14,1,122
11.24840408,95.22108224,5,12,5,124
106.6775413,84.71141948,3,15,1,132
1.136232533,98.01976984,2,5,3,124
3.168753744,97.25396145,1,8,1,123
80.26435118,86.57656497,1,15,2,131
36.70710776,91.25726851,4,12,3,129
295.2477124,75.64793349,1,12,5,138
41.66478144,90.50929482,2,8,3,133
2.242922786,97.81262641,3,8,5,121
26.97032145,91.72352196,1,7,1,133
22.22729371,92.15251675,3,5,5,135
106.2704525,84.85760121,4,6,5,139
89.69234324,85.59153709,5,18,4,130
3.158479182,97.40941739,1,11,1,120
10.68960066,95.34069275,5,9,2,126
355.0809974,73.17156653,3,15,1,137
69.23300468,87.29303066,3,18,2,129
4.711325911,96.51800275,1,7,4,126
15.1406326,94.12117576,5,6,5,131
64.04091958,87.4967521,4,20,2,128
11.97353786,94.84375113,3,17,5,122
29.83122945,91.88833523,1,10,1,130
134.3190764,82.96536505,2,7,2,139
6.801920174,96.29441204,4,12,5,122
13.93251883,94.46814968,4,16,3,123
6.115577069,96.42420844,3,9,1,124
1.247647694,98.29332668,5,6,2,121
1.303898174,97.98362311,3,5,5,124
3.332950799,97.28189832,1,9,3,122
3.844989586,97.2282706,5,10,2,121
19.22137113,92.27563251,2,5,3,135
819.7993704,59.87475493,5,19,1,139
14.4704275,94.18269969,4,6,2,131
1110.704089,54.21334712,5,20,1,140
6.91224882,96.26771782,5,12,5,122
1012.683051,56.20278371,3,19,4,140
66.50267831,87.14176795,4,5,5,139
50.50569259,89.25656414,4,17,4,128
1.330081871,98.28223667,4,7,4,120
32.12707739,90.10608148,2,5,1,137
2.976803222,97.57718601,4,10,5,120
1112.950437,54.18460441,5,20,1,140
7.123963868,96.2626015,5,12,5,122
1002.917581,56.18262244,3,19,4,140
63.37955996,87.11092868,4,5,5,139
50.99770596,89.24554586,4,17,4,128
